ValueType,ParentLocationCode,ParentLocation,Country Code,Location,ObesityPrevalence(%),ObesityPrevalenceLow(%),ObesityPrevalenceHigh(%),Sex
numeric,AFR,Africa,ETH,Ethiopia,0.64,0.48,0.84,Male
numeric,SEAR,South-East Asia,TLS,Timor-Leste,0.87,0.58,1.26,Male
numeric,WPR,Western Pacific,VNM,Viet Nam,0.88,0.7,1.1,Male
numeric,AFR,Africa,RWA,Rwanda,0.94,0.7,1.23,Male
numeric,WPR,Western Pacific,VNM,Viet Nam,1.01,0.87,1.17,All
numeric,WPR,Western Pacific,VNM,Viet Nam,1.09,0.89,1.32,Female
numeric,SEAR,South-East Asia,TLS,Timor-Leste,1.3,1.06,1.59,All
numeric,AFR,Africa,ERI,Eritrea,1.61,1.0,2.43,Male
numeric,AFR,Africa,ETH,Ethiopia,1.67,1.42,1.95,All
numeric,SEAR,South-East Asia,BGD,Bangladesh,1.68,1.41,1.98,Male
numeric,WPR,Western Pacific,KHM,Cambodia,1.82,1.26,2.51,Male
numeric,SEAR,South-East Asia,TLS,Timor-Leste,1.75,1.37,2.21,Female
numeric,AFR,Africa,UGA,Uganda,1.78,1.43,2.17,Male
numeric,AFR,Africa,SWZ,Eswatini,10.01,7.97,12.27,Male
numeric,EMR,Eastern Mediterranean,YEM,Yemen,9.95,8.54,11.5,All
numeric,SEAR,South-East Asia,IDN,Indonesia,10.03,8.97,11.16,Female
numeric,SEAR,South-East Asia,BTN,Bhutan,10.21,8.53,12.01,Female
numeric,AFR,Africa,GMB,Gambia,10.27,9.0,11.63,All
numeric,EMR,Eastern Mediterranean,SOM,Somalia,10.41,7.29,13.99,All
numeric,AFR,Africa,GHA,Ghana,10.67,9.89,11.51,All
numeric,EUR,Europe,DNK,Denmark,10.78,9.53,12.16,Female
numeric,AFR,Africa,ZWE,Zimbabwe,10.75,9.55,12.06,All
numeric,SEAR,South-East Asia,THA,Thailand,10.9,9.97,11.86,All
numeric,AFR,Africa,GNB,Guinea-Bissau,10.86,8.34,13.88,Female
numeric,EMR,Eastern Mediterranean,MAR,Morocco,11.11,8.9,13.57,Male
numeric,AFR,Africa,LBR,Liberia,11.23,10.22,12.31,All
numeric,AFR,Africa,MUS,Mauritius,11.16,9.43,13.02,Male
numeric,EUR,Europe,FRA,France,11.32,10.3,12.4,Male
numeric,EUR,Europe,FRA,France,11.35,10.38,12.32,Female
numeric,EUR,Europe,FRA,France,11.32,10.62,12.05,All
numeric,AFR,Africa,ZMB,Zambia,11.3,9.86,12.84,Female
numeric,EMR,Eastern Mediterranean,PAK,Pakistan,11.39,9.89,12.97,Male
numeric,AFR,Africa,TGO,Togo,11.6,10.13,13.21,Female
numeric,AFR,Africa,COG,Congo,11.63,9.57,13.91,Female
numeric,AFR,Africa,COM,Comoros,11.66,10.14,13.34,All
numeric,EMR,Eastern Mediterranean,AFG,Afghanistan,11.75,10.05,13.57,All
numeric,EMR,Eastern Mediterranean,DJI,Djibouti,11.65,5.36,20.73,Female
numeric,AFR,Africa,CIV,Cote d'Ivoire,11.83,10.08,13.69,Female
numeric,EUR,Europe,CHE,Switzerland,11.8,10.74,12.91,All
numeric,AFR,Africa,BEN,Benin,11.89,10.56,13.3,Female
numeric,AFR,Africa,DZA,Algeria,11.94,9.94,14.07,Male
numeric,AMR,Americas,HTI,Haiti,11.95,10.4,13.67,Female
numeric,AFR,Africa,CPV,Cabo Verde,12.03,10.51,13.66,All
numeric,EUR,Europe,AUT,Austria,12.22,10.19,14.38,Female
numeric,SEAR,South-East Asia,MDV,Maldives,12.19,10.94,13.57,All
numeric,AFR,Africa,NGA,Nigeria,12.21,10.98,13.53,Female
numeric,AFR,Africa,CMR,Cameroon,12.27,11.14,13.48,All
numeric,EMR,Eastern Mediterranean,SDN,Sudan,12.37,10.81,14.0,All
numeric,AFR,Africa,TZA,United Republic of Tanzania,12.35,10.93,13.85,Female
numeric,EMR,Eastern Mediterranean,YEM,Yemen,12.51,10.52,14.72,Female
numeric,AFR,Africa,SEN,Senegal,12.54,10.84,14.32,Female
numeric,AFR,Africa,STP,Sao Tome and Principe,12.53,11.19,13.98,All
numeric,EUR,Europe,DNK,Denmark,12.63,11.83,13.48,All
numeric,AFR,Africa,AGO,Angola,13.0,8.38,18.64,Female
numeric,EUR,Europe,KAZ,Kazakhstan,13.18,11.16,15.33,Male
numeric,AFR,Africa,KEN,Kenya,13.32,11.85,14.89,Female
numeric,EUR,Europe,NLD,Netherlands (Kingdom of the),13.42,11.29,15.74,Male
numeric,WPR,Western Pacific,PNG,Papua New Guinea,13.5,9.96,17.64,Male
numeric,AMR,Americas,GUY,Guyana,13.48,11.2,16.06,Male
numeric,WPR,Western Pacific,MYS,Malaysia,13.59,12.3,15.0,Male
numeric,AMR,Americas,DMA,Dominica,13.61,9.57,18.14,Male
numeric,EUR,Europe,AZE,Azerbaijan,13.69,11.36,16.22,Male
numeric,EUR,Europe,SVN,Slovenia,13.73,12.74,14.76,Female
numeric,EUR,Europe,SWE,Sweden,13.79,11.85,15.87,Female
numeric,SEAR,South-East Asia,THA,Thailand,13.75,12.31,15.28,Female
numeric,AMR,Americas,CUB,Cuba,13.92,12.09,15.88,Male
numeric,EUR,Europe,NLD,Netherlands (Kingdom of the),13.89,12.33,15.56,All
numeric,EUR,Europe,ARM,Armenia,14.02,11.41,16.78,Male
numeric,EMR,Eastern Mediterranean,AFG,Afghanistan,13.96,11.73,16.32,Female
numeric,AFR,Africa,GMB,Gambia,14.07,12.39,15.93,Female
numeric,AMR,Americas,JAM,Jamaica,14.2,11.99,16.64,Male
numeric,EUR,Europe,CHE,Switzerland,14.16,12.67,15.77,Male
numeric,EUR,Europe,NLD,Netherlands (Kingdom of the),14.29,12.15,16.66,Female
numeric,EUR,Europe,AUT,Austria,14.31,12.83,15.86,All
numeric,AMR,Americas,COL,Colombia,14.36,13.08,15.7,Male
numeric,AFR,Africa,ZAF,South Africa,14.35,13.25,15.51,Male
numeric,AFR,Africa,GNQ,Equatorial Guinea,14.5,11.4,18.33,All
numeric,WPR,Western Pacific,VUT,Vanuatu,14.51,11.53,17.76,Male
numeric,AFR,Africa,NAM,Namibia,14.52,12.63,16.56,All
numeric,EMR,Eastern Mediterranean,IRN,Iran (Islamic Republic of),14.46,13.44,15.49,Male
numeric,EMR,Eastern Mediterranean,PAK,Pakistan,14.47,13.43,15.55,All
numeric,EUR,Europe,DNK,Denmark,14.46,13.47,15.49,Male
numeric,EUR,Europe,MNE,Montenegro,14.51,9.11,20.96,Female
numeric,AMR,Americas,GRD,Grenada,14.66,10.88,18.96,Male
numeric,AFR,Africa,LBR,Liberia,14.73,13.17,16.38,Female
numeric,EUR,Europe,SWE,Sweden,14.7,13.27,16.19,All
numeric,EUR,Europe,TJK,Tajikistan,14.92,11.66,18.38,Male
numeric,EUR,Europe,TKM,Turkmenistan,14.93,12.64,17.36,Male
numeric,EUR,Europe,AND,Andorra,15.04,10.84,19.94,Female
numeric,AMR,Americas,VCT,Saint Vincent and the Grenadines,15.0,12.03,18.33,Male
numeric,AMR,Americas,SUR,Suriname,15.15,10.6,20.53,Male
numeric,EUR,Europe,MNE,Montenegro,15.35,11.38,19.74,All
numeric,AMR,Americas,LCA,Saint Lucia,15.31,12.74,18.0,Male
numeric,WPR,Western Pacific,SLB,Solomon Islands,15.25,12.81,17.96,Male
numeric,AFR,Africa,BWA,Botswana,15.35,13.64,17.12,All
numeric,EMR,Eastern Mediterranean,TUN,Tunisia,15.45,12.13,19.39,Male
numeric,EUR,Europe,SWE,Sweden,15.55,13.61,17.62,Male
numeric,WPR,Western Pacific,MNG,Mongolia,15.53,13.73,17.43,Male
numeric,EUR,Europe,ITA,Italy,15.55,14.11,16.99,Female
numeric,EUR,Europe,ESP,Spain,15.68,14.23,17.23,Female
numeric,AMR,Americas,PER,Peru,15.78,14.87,16.7,Male
numeric,EUR,Europe,NOR,Norway,15.86,13.25,18.65,Female
numeric,EUR,Europe,MNE,Montenegro,16.01,10.6,22.08,Male
numeric,EUR,Europe,ALB,Albania,15.95,13.63,18.46,Male
numeric,AMR,Americas,ECU,Ecuador,16.0,14.45,17.63,Male
numeric,EUR,Europe,ITA,Italy,16.27,15.18,17.39,All
numeric,EUR,Europe,AUT,Austria,16.38,14.3,18.54,Male
numeric,AMR,Americas,GTM,Guatemala,16.49,13.94,19.25,Male
numeric,AFR,Africa,GAB,Gabon,16.45,14.24,18.91,All
numeric,EUR,Europe,BGR,Bulgaria,16.49,14.58,18.48,Female
numeric,EUR,Europe,KAZ,Kazakhstan,16.52,15.07,18.05,All
numeric,AMR,Americas,BOL,Bolivia (Plurinational State of),16.64,13.18,20.48,Male
numeric,EUR,Europe,LUX,Luxembourg,16.59,14.08,19.29,Female
numeric,AFR,Africa,ZWE,Zimbabwe,16.55,14.51,18.8,Female
numeric,AFR,Africa,GHA,Ghana,16.64,15.27,18.08,Female
numeric,EUR,Europe,SVN,Slovenia,16.6,15.79,17.44,All
numeric,EUR,Europe,BIH,Bosnia and Herzegovina,16.73,12.72,21.03,Male
numeric,AFR,Africa,SYC,Seychelles,16.66,13.36,20.18,Male
numeric,AFR,Africa,CMR,Cameroon,16.72,15.11,18.38,Female
numeric,EMR,Eastern Mediterranean,SOM,Somalia,16.81,11.16,23.36,Female
numeric,AFR,Africa,LSO,Lesotho,16.75,15.2,18.4,All
numeric,EUR,Europe,AND,Andorra,16.88,13.44,20.67,All
numeric,EUR,Europe,ITA,Italy,16.87,15.19,18.59,Male
numeric,AFR,Africa,MUS,Mauritius,16.89,15.38,18.41,All
numeric,EUR,Europe,NOR,Norway,16.99,15.15,18.99,All
numeric,AFR,Africa,CPV,Cabo Verde,17.08,14.66,19.67,Female
numeric,WPR,Western Pacific,MYS,Malaysia,17.14,16.14,18.17,All
numeric,EUR,Europe,UKR,Ukraine,17.22,13.75,21.0,Male
numeric,AMR,Americas,BRA,Brazil,17.22,16.0,18.48,Male
numeric,AFR,Africa,MRT,Mauritania,17.29,14.84,20.0,All
numeric,SEAR,South-East Asia,MDV,Maldives,17.33,15.41,19.31,Female
numeric,AMR,Americas,CUB,Cuba,17.32,15.92,18.84,All
numeric,EUR,Europe,BLR,Belarus,17.38,14.43,20.45,Male
numeric,WPR,Western Pacific,PNG,Papua New Guinea,17.42,14.36,20.65,All
numeric,EMR,Eastern Mediterranean,SDN,Sudan,17.49,14.88,20.28,Female
numeric,EMR,Eastern Mediterranean,MAR,Morocco,17.66,15.88,19.49,All
numeric,EMR,Eastern Mediterranean,PAK,Pakistan,17.67,16.25,19.13,Female
numeric,EUR,Europe,BEL,Belgium,17.76,15.61,19.98,Male
numeric,AFR,Africa,STP,Sao Tome and Principe,17.86,15.64,20.23,Female
numeric,EUR,Europe,SRB,Serbia,17.88,15.88,20.03,Female
numeric,EUR,Europe,BIH,Bosnia and Herzegovina,17.98,15.03,21.12,All
numeric,EUR,Europe,NOR,Norway,18.0,15.38,20.88,Male
numeric,AFR,Africa,COM,Comoros,18.02,15.52,20.8,Female
numeric,EUR,Europe,ISL,Iceland,18.1,14.64,21.97,Female
numeric,EUR,Europe,TKM,Turkmenistan,18.09,16.5,19.77,All
numeric,EUR,Europe,LUX,Luxembourg,18.19,16.24,20.19,All
numeric,EUR,Europe,BEL,Belgium,18.17,16.65,19.75,All
numeric,EUR,Europe,BGR,Bulgaria,18.22,16.68,19.83,All
numeric,EUR,Europe,ESP,Spain,18.23,17.01,19.47,All
numeric,EUR,Europe,KGZ,Kyrgyzstan,18.39,14.98,22.01,Male
numeric,AMR,Americas,DOM,Dominican Republic,18.37,16.35,20.5,Male
numeric,EUR,Europe,TJK,Tajikistan,18.42,16.41,20.5,All
numeric,AMR,Americas,HND,Honduras,18.52,11.42,26.91,Male
numeric,EUR,Europe,BEL,Belgium,18.52,16.42,20.81,Female
numeric,EUR,Europe,ALB,Albania,18.54,16.83,20.28,All
numeric,EUR,Europe,AND,Andorra,18.66,13.52,24.4,Male
numeric,EUR,Europe,PRT,Portugal,18.67,16.4,21.16,Male
numeric,EUR,Europe,UZB,Uzbekistan,18.67,16.46,20.96,Male
numeric,EUR,Europe,DEU,Germany,18.79,16.89,20.79,Female
numeric,EUR,Europe,BIH,Bosnia and Herzegovina,18.91,14.64,23.38,Female
numeric,EUR,Europe,MDA,Republic of Moldova,18.87,16.15,21.72,Male
numeric,WPR,Western Pacific,VUT,Vanuatu,18.91,16.39,21.48,All
numeric,EUR,Europe,KAZ,Kazakhstan,18.88,16.81,21.08,Female
numeric,EUR,Europe,SRB,Serbia,18.94,17.4,20.51,All
numeric,EUR,Europe,RUS,Russian Federation,19.04,17.05,21.12,Male
numeric,WPR,Western Pacific,MNG,Mongolia,18.95,17.54,20.36,All
numeric,AMR,Americas,ATG,Antigua and Barbuda,19.21,10.24,30.13,Male
numeric,EUR,Europe,ISL,Iceland,19.15,16.67,21.73,All
numeric,EUR,Europe,PRT,Portugal,19.24,17.68,20.94,All
numeric,AMR,Americas,BMU,Bermuda,19.29,10.31,30.84,Male
numeric,AMR,Americas,SLV,El Salvador,19.27,15.86,22.78,Male
numeric,EUR,Europe,SVN,Slovenia,19.25,17.93,20.61,Male
numeric,AMR,Americas,COL,Colombia,19.3,18.3,20.33,All
numeric,EUR,Europe,FIN,Finland,19.4,17.74,21.12,Male
numeric,AMR,Americas,TTO,Trinidad and Tobago,19.63,16.69,22.76,Male
numeric,EUR,Europe,PRT,Portugal,19.62,17.46,21.88,Female
numeric,EUR,Europe,SRB,Serbia,19.71,17.45,22.1,Male
numeric,WPR,Western Pacific,SLB,Solomon Islands,19.7,17.67,21.78,All
numeric,AFR,Africa,DZA,Algeria,19.74,17.96,21.56,All
numeric,EUR,Europe,FIN,Finland,19.68,18.53,20.86,All
numeric,EUR,Europe,CYP,Cyprus,19.78,14.43,25.99,Female
numeric,EUR,Europe,LUX,Luxembourg,19.76,16.85,22.8,Male
numeric,EUR,Europe,SVK,Slovakia,19.76,17.08,22.56,Female
numeric,EUR,Europe,BGR,Bulgaria,19.76,17.38,22.28,Male
numeric,EUR,Europe,FIN,Finland,19.76,18.27,21.36,Female
numeric,AFR,Africa,MWI,Malawi,2.02,1.46,2.68,Male
numeric,AFR,Africa,SLE,Sierra Leone,2.4,1.9,3.0,Male
numeric,AFR,Africa,MDG,Madagascar,2.53,1.42,4.16,Male
numeric,AFR,Africa,BFA,Burkina Faso,2.57,1.93,3.33,Male
numeric,AFR,Africa,MDG,Madagascar,2.6,1.94,3.46,All
numeric,WPR,Western Pacific,KHM,Cambodia,2.56,2.18,2.98,All
numeric,AFR,Africa,SEN,Senegal,2.69,2.03,3.45,Male
numeric,AFR,Africa,MDG,Madagascar,2.66,2.08,3.37,Female
numeric,AFR,Africa,ETH,Ethiopia,2.65,2.19,3.16,Female
numeric,AFR,Africa,BDI,Burundi,2.79,2.1,3.6,Female
numeric,AFR,Africa,RWA,Rwanda,2.81,2.47,3.17,All
numeric,AFR,Africa,NER,Niger,2.86,2.04,3.84,Male
numeric,AMR,Americas,PER,Peru,20.01,19.35,20.63,All
numeric,EUR,Europe,ISL,Iceland,20.2,16.81,23.82,Male
numeric,AFR,Africa,NAM,Namibia,20.18,17.45,22.94,Female
numeric,EUR,Europe,DEU,Germany,20.43,19.08,21.81,All
numeric,EUR,Europe,CZE,Czechia,20.49,18.69,22.3,Female
numeric,AMR,Americas,CUB,Cuba,20.62,18.56,22.88,Female
numeric,EUR,Europe,ESP,Spain,20.64,18.76,22.66,Male
numeric,WPR,Western Pacific,FJI,Fiji,20.74,17.39,24.24,Male
numeric,EUR,Europe,TKM,Turkmenistan,20.72,18.47,23.14,Female
numeric,EUR,Europe,GRL,Greenland,20.83,18.02,23.87,Male
numeric,EUR,Europe,EST,Estonia,20.84,18.85,22.93,Female
numeric,AMR,Americas,BRA,Brazil,20.75,19.86,21.65,All
numeric,EMR,Eastern Mediterranean,IRN,Iran (Islamic Republic of),20.79,19.97,21.6,All
numeric,EUR,Europe,EST,Estonia,20.89,18.52,23.4,Male
numeric,AMR,Americas,VEN,Venezuela (Bolivarian Republic of),20.91,18.67,23.26,Male
numeric,WPR,Western Pacific,MYS,Malaysia,20.85,19.34,22.42,Female
numeric,AMR,Americas,CRI,Costa Rica,20.98,18.8,23.24,Male
numeric,EUR,Europe,ALB,Albania,21.05,18.63,23.58,Female
numeric,EUR,Europe,BLR,Belarus,21.1,18.98,23.27,All
numeric,EUR,Europe,ARM,Armenia,21.18,19.39,23.0,All
numeric,EUR,Europe,EST,Estonia,21.17,19.58,22.81,All
numeric,EUR,Europe,POL,Poland,21.23,19.74,22.75,Female
numeric,EUR,Europe,LVA,Latvia,21.3,17.11,25.71,Male
numeric,AMR,Americas,GTM,Guatemala,21.33,19.78,22.86,All
numeric,EUR,Europe,ISR,Israel,21.45,19.21,23.6,Male
numeric,EUR,Europe,KGZ,Kyrgyzstan,21.42,19.21,23.74,All
numeric,AMR,Americas,ECU,Ecuador,21.43,20.23,22.6,All
numeric,WPR,Western Pacific,PNG,Papua New Guinea,21.62,16.86,26.79,Female
numeric,EUR,Europe,CYP,Cyprus,21.79,17.73,26.19,All
numeric,EUR,Europe,TJK,Tajikistan,21.77,19.55,24.06,Female
numeric,AMR,Americas,BRB,Barbados,21.95,17.61,26.45,Male
numeric,WPR,Western Pacific,MNG,Mongolia,21.88,19.84,23.95,Female
numeric,EUR,Europe,SVK,Slovakia,21.87,19.76,24.07,All
numeric,EUR,Europe,MKD,North Macedonia,21.96,12.52,33.28,Male
numeric,AMR,Americas,BOL,Bolivia (Plurinational State of),21.99,19.8,24.36,All
numeric,EUR,Europe,DEU,Germany,21.95,20.08,23.85,Male
numeric,EUR,Europe,ISR,Israel,22.0,20.41,23.6,All
numeric,EUR,Europe,LVA,Latvia,22.2,19.48,25.17,All
numeric,EMR,Eastern Mediterranean,OMN,Oman,22.2,19.56,24.88,Male
numeric,EUR,Europe,UKR,Ukraine,22.17,19.85,24.65,All
numeric,EUR,Europe,LVA,Latvia,22.29,18.59,26.26,Female
numeric,AMR,Americas,PAN,Panama,22.43,19.72,25.32,Male
numeric,AFR,Africa,MUS,Mauritius,22.42,20.07,24.85,Female
numeric,EUR,Europe,ISR,Israel,22.42,20.25,24.75,Female
numeric,EMR,Eastern Mediterranean,SYR,Syrian Arab Republic,22.53,17.13,28.37,Male
numeric,EUR,Europe,AZE,Azerbaijan,22.47,20.68,24.3,All
numeric,EUR,Europe,TUR,Türkiye,22.54,20.85,24.37,Male
numeric,EUR,Europe,CZE,Czechia,22.55,21.23,23.92,All
numeric,AMR,Americas,GUY,Guyana,22.73,20.71,24.91,All
numeric,EUR,Europe,RUS,Russian Federation,22.67,21.24,24.17,All
numeric,EUR,Europe,HRV,Croatia,22.94,20.73,25.3,Female
numeric,EUR,Europe,UZB,Uzbekistan,22.87,21.3,24.42,All
numeric,AMR,Americas,VEN,Venezuela (Bolivarian Republic of),22.9,21.33,24.53,All
numeric,EUR,Europe,LTU,Lithuania,23.02,18.87,27.57,Female
numeric,EMR,Eastern Mediterranean,TUN,Tunisia,22.98,20.17,25.96,All
numeric,EUR,Europe,MDA,Republic of Moldova,22.99,21.25,24.8,All
numeric,EUR,Europe,MKD,North Macedonia,23.14,17.4,29.61,All
numeric,EUR,Europe,LTU,Lithuania,23.13,18.4,28.15,Male
numeric,AMR,Americas,PRY,Paraguay,23.23,18.74,27.87,Male
numeric,EUR,Europe,POL,Poland,23.17,22.0,24.36,All
numeric,WPR,Western Pacific,VUT,Vanuatu,23.3,19.39,27.4,Female
numeric,AFR,Africa,BWA,Botswana,23.29,20.41,26.33,Female
numeric,EUR,Europe,ROU,Romania,23.28,21.21,25.46,Female
numeric,AMR,Americas,NIC,Nicaragua,23.4,15.89,32.02,Male
numeric,WPR,Western Pacific,BRN,Brunei Darussalam,23.35,20.14,26.77,Male
numeric,EUR,Europe,LTU,Lithuania,23.44,20.19,26.79,All
numeric,AMR,Americas,DOM,Dominican Republic,23.62,22.01,25.16,All
numeric,EUR,Europe,CYP,Cyprus,23.67,17.48,30.4,Male
numeric,EMR,Eastern Mediterranean,LBY,Libya,23.71,19.36,28.26,Male
numeric,EUR,Europe,SVK,Slovakia,23.75,20.6,27.12,Male
numeric,EUR,Europe,BLR,Belarus,23.75,20.85,26.83,Female
numeric,EUR,Europe,KGZ,Kyrgyzstan,23.7,20.96,26.4,Female
numeric,AMR,Americas,COL,Colombia,23.84,22.23,25.43,Female
numeric,AMR,Americas,URY,Uruguay,23.91,20.68,27.23,Male
numeric,EUR,Europe,GRL,Greenland,23.93,21.74,26.12,All
numeric,AMR,Americas,SUR,Suriname,23.96,19.6,28.51,All
numeric,AMR,Americas,HND,Honduras,24.03,19.97,28.67,All
numeric,AMR,Americas,BRA,Brazil,23.97,22.72,25.25,Female
numeric,EUR,Europe,MKD,North Macedonia,24.09,17.91,30.83,Female
numeric,EMR,Eastern Mediterranean,MAR,Morocco,24.13,21.39,26.93,Female
numeric,AMR,Americas,CAN,Canada,24.13,22.55,25.69,Female
numeric,AMR,Americas,PER,Peru,24.09,23.16,24.98,Female
numeric,WPR,Western Pacific,SLB,Solomon Islands,24.25,21.14,27.42,Female
numeric,EUR,Europe,ROU,Romania,24.16,22.59,25.77,All
numeric,EUR,Europe,GBR,United Kingdom of Great Britain and Northern Ireland,24.34,23.46,25.25,Male
numeric,AFR,Africa,SWZ,Eswatini,24.4,22.22,26.61,All
numeric,EUR,Europe,HRV,Croatia,24.37,22.64,26.17,All
numeric,AFR,Africa,GNQ,Equatorial Guinea,24.51,19.96,29.49,Female
numeric,EUR,Europe,IRL,Ireland,24.49,21.92,27.15,Female
numeric,EUR,Europe,CZE,Czechia,24.46,22.54,26.52,Male
numeric,EUR,Europe,HUN,Hungary,24.56,22.38,26.77,Female
numeric,AMR,Americas,VEN,Venezuela (Bolivarian Republic of),24.65,22.55,26.78,Female
numeric,EUR,Europe,ROU,Romania,24.75,22.38,27.19,Male
numeric,AFR,Africa,GAB,Gabon,24.79,22.01,27.79,Female
numeric,EUR,Europe,POL,Poland,24.81,23.02,26.63,Male
numeric,WPR,Western Pacific,BRN,Brunei Darussalam,24.89,22.58,27.32,All
numeric,EUR,Europe,GRC,Greece,24.94,22.74,27.15,Male
numeric,EUR,Europe,RUS,Russian Federation,25.03,23.11,27.1,Female
numeric,AMR,Americas,CAN,Canada,24.97,23.81,26.15,All
numeric,AMR,Americas,GRD,Grenada,25.11,21.77,28.6,All
numeric,EUR,Europe,GRC,Greece,25.25,23.66,26.81,All
numeric,EUR,Europe,GBR,United Kingdom of Great Britain and Northern Ireland,25.16,24.54,25.8,All
numeric,AMR,Americas,TTO,Trinidad and Tobago,25.32,23.1,27.56,All
numeric,EUR,Europe,HRV,Croatia,25.4,22.77,28.15,Male
numeric,EUR,Europe,GRC,Greece,25.37,23.29,27.45,Female
numeric,EUR,Europe,GEO,Georgia,25.51,22.46,28.78,Male
numeric,EUR,Europe,IRL,Ireland,25.66,23.82,27.53,All
numeric,AMR,Americas,GTM,Guatemala,25.73,24.09,27.39,Female
numeric,AMR,Americas,DMA,Dominica,25.83,22.18,29.61,All
numeric,AFR,Africa,SYC,Seychelles,25.83,23.15,28.57,All
numeric,AMR,Americas,CAN,Canada,25.8,24.16,27.49,Male
numeric,EMR,Eastern Mediterranean,LBN,Lebanon,25.94,22.85,29.03,Male
numeric,EMR,Eastern Mediterranean,OMN,Oman,25.9,23.93,27.94,All
numeric,EUR,Europe,UKR,Ukraine,26.01,22.82,29.28,Female
numeric,AMR,Americas,CHL,Chile,26.01,23.78,28.26,Male
numeric,AMR,Americas,MEX,Mexico,25.97,24.65,27.34,Male
numeric,EUR,Europe,GBR,United Kingdom of Great Britain and Northern Ireland,25.97,25.09,26.89,Female
numeric,WPR,Western Pacific,AUS,Australia,26.14,24.51,27.83,Female
numeric,EUR,Europe,MDA,Republic of Moldova,26.16,23.8,28.45,Female
numeric,EUR,Europe,ARM,Armenia,26.23,23.87,28.58,Female
numeric,AMR,Americas,CRI,Costa Rica,26.17,24.56,27.8,All
numeric,AMR,Americas,PRY,Paraguay,26.33,23.2,29.6,All
numeric,AMR,Americas,SLV,El Salvador,26.42,24.24,28.74,All
numeric,EUR,Europe,UZB,Uzbekistan,26.44,24.32,28.56,Female
numeric,EUR,Europe,HUN,Hungary,26.39,24.74,28.05,All
numeric,WPR,Western Pacific,BRN,Brunei Darussalam,26.54,23.36,29.93,Female
numeric,AMR,Americas,URY,Uruguay,26.54,24.26,28.93,All
numeric,WPR,Western Pacific,AUS,Australia,26.55,25.39,27.73,All
numeric,AMR,Americas,ECU,Ecuador,26.64,24.84,28.44,Female
numeric,EMR,Eastern Mediterranean,PSE,"occupied Palestinian territory, including east Jerusalem",26.81,23.96,29.8,Male
numeric,EUR,Europe,IRL,Ireland,26.87,24.11,29.73,Male
numeric,WPR,Western Pacific,AUS,Australia,26.94,25.29,28.76,Male
numeric,AFR,Africa,MRT,Mauritania,26.97,23.37,30.59,Female
numeric,AFR,Africa,LSO,Lesotho,27.02,24.36,29.85,Female
numeric,AMR,Americas,ARG,Argentina,27.04,24.84,29.35,Male
numeric,EMR,Eastern Mediterranean,LBN,Lebanon,27.0,24.86,29.1,All
numeric,AMR,Americas,BLZ,Belize,27.12,23.77,30.67,Male
numeric,AMR,Americas,BOL,Bolivia (Plurinational State of),27.19,24.49,30.0,Female
numeric,EMR,Eastern Mediterranean,EGY,Egypt,27.28,25.14,29.48,Male
numeric,EMR,Eastern Mediterranean,IRN,Iran (Islamic Republic of),27.26,25.98,28.56,Female
numeric,EUR,Europe,GRL,Greenland,27.38,24.35,30.63,Female
numeric,EMR,Eastern Mediterranean,LBN,Lebanon,27.55,24.73,30.42,Female
numeric,AMR,Americas,LCA,Saint Lucia,27.47,25.27,29.72,All
numeric,AMR,Americas,BMU,Bermuda,27.62,19.52,36.42,All
numeric,EMR,Eastern Mediterranean,ARE,United Arab Emirates,27.64,24.57,30.85,Male
numeric,AFR,Africa,DZA,Algeria,27.71,24.82,30.62,Female
numeric,AMR,Americas,VCT,Saint Vincent and the Grenadines,27.83,25.06,30.65,All
numeric,AMR,Americas,JAM,Jamaica,27.81,25.93,29.73,All
numeric,EUR,Europe,HUN,Hungary,27.88,25.43,30.43,Male
numeric,AMR,Americas,ARG,Argentina,27.91,26.43,29.43,All
numeric,AMR,Americas,ATG,Antigua and Barbuda,28.03,19.89,36.64,All
numeric,EMR,Eastern Mediterranean,IRQ,Iraq,28.14,24.81,31.55,Male
numeric,EUR,Europe,MLT,Malta,28.32,24.25,32.57,Female
numeric,AMR,Americas,PAN,Panama,28.53,26.48,30.66,All
numeric,EMR,Eastern Mediterranean,BHR,Bahrain,28.7,23.59,34.16,Male
numeric,AMR,Americas,URY,Uruguay,28.7,25.73,31.93,Female
numeric,AMR,Americas,ARG,Argentina,28.67,26.64,30.69,Female
numeric,EUR,Europe,GEO,Georgia,28.72,26.63,30.91,All
numeric,AMR,Americas,NIC,Nicaragua,28.76,24.62,33.22,All
numeric,AMR,Americas,DOM,Dominican Republic,28.88,26.55,31.33,Female
numeric,AFR,Africa,ZAF,South Africa,29.02,28.01,30.04,All
numeric,WPR,Western Pacific,FJI,Fiji,29.07,26.44,31.77,All
numeric,AMR,Americas,PRY,Paraguay,29.32,24.94,33.85,Female
numeric,WPR,Western Pacific,NZL,New Zealand,29.28,27.92,30.69,Male
numeric,AMR,Americas,HND,Honduras,29.45,25.82,33.3,Female
numeric,AFR,Africa,ERI,Eritrea,2.98,2.28,3.8,All
numeric,SEAR,South-East Asia,NPL,Nepal,2.95,2.48,3.48,Male
numeric,SEAR,South-East Asia,BGD,Bangladesh,2.95,2.7,3.22,All
numeric,WPR,Western Pacific,JPN,Japan,3.04,2.75,3.34,Female
numeric,AFR,Africa,COD,Democratic Republic of the Congo,3.09,2.11,4.29,Male
numeric,AFR,Africa,ZMB,Zambia,3.09,2.19,4.18,Male
numeric,AFR,Africa,SSD,South Sudan,3.25,1.57,5.73,Male
numeric,SEAR,South-East Asia,IND,India,3.18,2.9,3.47,Male
numeric,AFR,Africa,COG,Congo,3.34,2.01,5.2,Male
numeric,AFR,Africa,BDI,Burundi,3.26,2.01,5.36,All
numeric,WPR,Western Pacific,KHM,Cambodia,3.25,2.76,3.79,Female
numeric,AFR,Africa,ZWE,Zimbabwe,3.38,2.62,4.27,Male
numeric,EMR,Eastern Mediterranean,SOM,Somalia,3.62,1.7,6.57,Male
numeric,SEAR,South-East Asia,IDN,Indonesia,3.56,3.03,4.15,Male
numeric,EMR,Eastern Mediterranean,DJI,Djibouti,3.76,1.37,7.88,Male
numeric,AFR,Africa,BDI,Burundi,3.79,1.37,8.16,Male
numeric,WPR,Western Pacific,LAO,Lao People's Democratic Republic,3.76,2.55,5.25,Male
numeric,AFR,Africa,MOZ,Mozambique,3.76,2.68,5.08,Male
numeric,SEAR,South-East Asia,MMR,Myanmar,3.8,2.98,4.75,Male
numeric,AFR,Africa,TGO,Togo,3.89,2.88,5.09,Male
numeric,SEAR,South-East Asia,LKA,Sri Lanka,3.88,3.16,4.66,Male
numeric,EUR,Europe,AZE,Azerbaijan,29.99,27.49,32.55,Female
numeric,EMR,Eastern Mediterranean,TUN,Tunisia,30.13,25.66,34.86,Female
numeric,WPR,Western Pacific,NZL,New Zealand,30.16,29.17,31.11,All
numeric,EMR,Eastern Mediterranean,SYR,Syrian Arab Republic,30.27,25.96,34.69,All
numeric,EUR,Europe,TUR,Türkiye,30.37,29.25,31.54,All
numeric,EUR,Europe,MLT,Malta,30.63,27.5,33.77,All
numeric,AMR,Americas,TTO,Trinidad and Tobago,30.67,27.31,33.95,Female
numeric,EMR,Eastern Mediterranean,JOR,Jordan,30.74,28.41,33.15,Male
numeric,AMR,Americas,MEX,Mexico,30.69,29.76,31.6,All
numeric,EUR,Europe,GEO,Georgia,30.87,28.09,33.69,Female
numeric,WPR,Western Pacific,NZL,New Zealand,31.01,29.67,32.39,Female
numeric,AMR,Americas,CRI,Costa Rica,31.2,29.0,33.48,Female
numeric,AMR,Americas,CHL,Chile,31.35,29.74,33.0,All
numeric,AMR,Americas,PRI,Puerto Rico,31.45,25.17,38.16,Male
numeric,AMR,Americas,GUY,Guyana,31.36,28.14,34.73,Female
numeric,AMR,Americas,KNA,Saint Kitts and Nevis,31.93,24.83,39.82,Male
numeric,EMR,Eastern Mediterranean,ARE,United Arab Emirates,31.89,29.53,34.31,All
numeric,EMR,Eastern Mediterranean,SAU,Saudi Arabia,32.01,29.06,35.11,Male
numeric,AMR,Americas,SLV,El Salvador,32.08,29.1,35.12,Female
numeric,AMR,Americas,BRB,Barbados,32.25,29.08,35.66,All
numeric,AMR,Americas,SUR,Suriname,32.48,25.45,40.07,Female
numeric,EUR,Europe,MLT,Malta,32.6,28.07,37.33,Male
numeric,EMR,Eastern Mediterranean,BHR,Bahrain,32.65,28.74,36.79,All
numeric,EMR,Eastern Mediterranean,LBY,Libya,33.0,29.62,36.43,All
numeric,AMR,Americas,NIC,Nicaragua,33.5,29.84,37.17,Female
numeric,WPR,Western Pacific,FSM,Micronesia (Federated States of),33.94,29.83,38.07,Male
numeric,EMR,Eastern Mediterranean,OMN,Oman,33.89,30.92,36.86,Female
numeric,WPR,Western Pacific,KIR,Kiribati,34.24,30.11,38.46,Male
numeric,AMR,Americas,PAN,Panama,34.51,31.43,37.6,Female
numeric,WPR,Western Pacific,MHL,Marshall Islands,34.73,30.69,38.78,Male
numeric,EMR,Eastern Mediterranean,QAT,Qatar,34.94,30.73,39.39,Male
numeric,EMR,Eastern Mediterranean,PSE,"occupied Palestinian territory, including east Jerusalem",34.99,32.96,36.99,All
numeric,AMR,Americas,MEX,Mexico,34.97,33.65,36.27,Female
numeric,AMR,Americas,BHS,Bahamas,35.13,31.28,39.15,Male
numeric,AMR,Americas,BMU,Bermuda,35.58,22.91,49.16,Female
numeric,AMR,Americas,ATG,Antigua and Barbuda,35.63,23.1,49.13,Female
numeric,AFR,Africa,SYC,Seychelles,35.59,31.34,39.86,Female
numeric,AMR,Americas,GRD,Grenada,35.69,30.26,41.23,Female
numeric,EMR,Eastern Mediterranean,IRQ,Iraq,35.67,33.21,38.16,All
numeric,AMR,Americas,PRI,Puerto Rico,35.85,31.81,40.06,All
numeric,EMR,Eastern Mediterranean,SAU,Saudi Arabia,36.22,34.04,38.44,All
numeric,EMR,Eastern Mediterranean,KWT,Kuwait,36.5,33.9,39.18,Male
numeric,AMR,Americas,CHL,Chile,36.52,34.09,38.86,Female
numeric,AMR,Americas,BLZ,Belize,36.57,34.08,39.18,All
numeric,EMR,Eastern Mediterranean,JOR,Jordan,36.87,35.41,38.35,All
numeric,WPR,Western Pacific,PLW,Palau,36.97,33.12,40.97,Male
numeric,AFR,Africa,SWZ,Eswatini,37.04,33.42,40.77,Female
numeric,AMR,Americas,USA,United States of America,36.99,35.5,38.53,Male
numeric,WPR,Western Pacific,FJI,Fiji,37.31,33.12,41.57,Female
numeric,EMR,Eastern Mediterranean,SYR,Syrian Arab Republic,37.45,31.48,43.97,Female
numeric,EMR,Eastern Mediterranean,QAT,Qatar,37.62,34.26,41.22,All
numeric,EUR,Europe,TUR,Türkiye,37.66,36.24,39.07,Female
numeric,AMR,Americas,USA,United States of America,37.94,36.85,39.01,All
numeric,AMR,Americas,DMA,Dominica,38.49,32.55,44.8,Female
numeric,AMR,Americas,USA,United States of America,38.89,37.39,40.41,Female
numeric,EMR,Eastern Mediterranean,EGY,Egypt,38.91,37.48,40.38,All
numeric,EMR,Eastern Mediterranean,ARE,United Arab Emirates,38.97,35.9,42.05,Female
numeric,EMR,Eastern Mediterranean,BHR,Bahrain,39.31,33.7,44.97,Female
numeric,AMR,Americas,LCA,Saint Lucia,39.32,35.78,42.89,Female
numeric,WPR,Western Pacific,PLW,Palau,39.5,36.83,42.22,All
numeric,AMR,Americas,PRI,Puerto Rico,39.67,34.44,45.04,Female
numeric,AFR,Africa,CAF,Central African Republic,4.05,2.92,5.49,Male
numeric,SEAR,South-East Asia,NPL,Nepal,3.95,3.59,4.35,All
numeric,AFR,Africa,GIN,Guinea,4.13,2.42,6.47,Male
numeric,AFR,Africa,TZA,United Republic of Tanzania,4.07,3.08,5.26,Male
numeric,WPR,Western Pacific,JPN,Japan,4.14,3.86,4.44,All
numeric,AFR,Africa,ERI,Eritrea,4.18,3.04,5.59,Female
numeric,AFR,Africa,KEN,Kenya,4.19,3.11,5.44,Male
numeric,AFR,Africa,TCD,Chad,4.24,3.28,5.41,Female
numeric,AFR,Africa,BFA,Burkina Faso,4.15,3.63,4.75,All
numeric,AFR,Africa,NER,Niger,4.22,3.6,4.91,All
numeric,SEAR,South-East Asia,BGD,Bangladesh,4.18,3.75,4.63,Female
numeric,WPR,Western Pacific,KOR,Republic of Korea,4.22,3.93,4.53,Female
numeric,AFR,Africa,GHA,Ghana,4.29,3.61,5.06,Male
numeric,AFR,Africa,RWA,Rwanda,4.42,3.83,5.06,Female
numeric,WPR,Western Pacific,KOR,Republic of Korea,4.55,4.32,4.78,All
numeric,SEAR,South-East Asia,IND,India,4.63,4.36,4.9,All
numeric,AFR,Africa,AGO,Angola,4.67,2.44,7.93,Male
numeric,AFR,Africa,COD,Democratic Republic of the Congo,4.71,3.95,5.52,All
numeric,WPR,Western Pacific,PHL,Philippines,4.74,4.01,5.56,Male
numeric,AFR,Africa,UGA,Uganda,4.7,4.22,5.2,All
numeric,AFR,Africa,TCD,Chad,4.81,3.48,6.52,All
numeric,WPR,Western Pacific,KOR,Republic of Korea,4.76,4.42,5.12,Male
numeric,SEAR,South-East Asia,NPL,Nepal,4.86,4.31,5.45,Female
numeric,WPR,Western Pacific,CHN,China,4.95,4.61,5.31,Male
numeric,AMR,Americas,KNA,Saint Kitts and Nevis,40.13,34.56,45.9,All
numeric,AMR,Americas,JAM,Jamaica,40.67,37.68,43.68,Female
numeric,EMR,Eastern Mediterranean,KWT,Kuwait,40.92,39.06,42.78,All
numeric,AMR,Americas,BHS,Bahamas,41.31,38.51,44.21,All
numeric,AFR,Africa,ZAF,South Africa,41.35,39.74,42.98,Female
numeric,AMR,Americas,BRB,Barbados,41.52,36.58,46.65,Female
numeric,AMR,Americas,VCT,Saint Vincent and the Grenadines,41.49,37.02,46.22,Female
numeric,WPR,Western Pacific,PLW,Palau,42.04,38.45,45.85,Female
numeric,WPR,Western Pacific,PYF,French Polynesia,42.06,36.59,47.75,Male
numeric,EMR,Eastern Mediterranean,LBY,Libya,42.22,37.11,47.3,Female
numeric,EMR,Eastern Mediterranean,IRQ,Iraq,42.44,38.93,45.94,Female
numeric,EMR,Eastern Mediterranean,PSE,"occupied Palestinian territory, including east Jerusalem",42.44,39.66,45.26,Female
numeric,WPR,Western Pacific,MHL,Marshall Islands,42.71,39.98,45.54,All
numeric,EMR,Eastern Mediterranean,SAU,Saudi Arabia,43.11,40.17,46.22,Female
numeric,WPR,Western Pacific,FSM,Micronesia (Federated States of),43.24,40.15,46.31,All
numeric,EMR,Eastern Mediterranean,JOR,Jordan,43.45,41.76,45.09,Female
numeric,WPR,Western Pacific,KIR,Kiribati,43.8,40.74,46.76,All
numeric,WPR,Western Pacific,PYF,French Polynesia,43.95,40.08,47.95,All
numeric,EMR,Eastern Mediterranean,QAT,Qatar,45.27,41.12,49.44,Female
numeric,WPR,Western Pacific,PYF,French Polynesia,45.83,40.36,51.42,Female
numeric,WPR,Western Pacific,WSM,Samoa,46.1,42.03,50.22,Male
numeric,AMR,Americas,BLZ,Belize,46.06,42.29,49.79,Female
numeric,AMR,Americas,BHS,Bahamas,47.02,42.98,51.08,Female
numeric,EMR,Eastern Mediterranean,KWT,Kuwait,47.85,45.52,50.31,Female
numeric,AMR,Americas,KNA,Saint Kitts and Nevis,47.96,39.72,56.32,Female
numeric,AFR,Africa,MWI,Malawi,5.01,4.45,5.61,All
numeric,AFR,Africa,BEN,Benin,5.06,3.95,6.3,Male
numeric,WPR,Western Pacific,CHN,China,5.08,4.83,5.33,All
numeric,AFR,Africa,COM,Comoros,5.17,3.62,7.08,Male
numeric,WPR,Western Pacific,LAO,Lao People's Democratic Republic,5.25,4.2,6.41,All
numeric,WPR,Western Pacific,JPN,Japan,5.19,4.71,5.72,Male
numeric,WPR,Western Pacific,CHN,China,5.15,4.82,5.51,Female
numeric,AMR,Americas,HTI,Haiti,5.35,3.14,8.28,Male
numeric,SEAR,South-East Asia,PRK,Democratic People's Republic of Korea,5.44,1.96,11.58,Male
numeric,AFR,Africa,TCD,Chad,5.43,2.94,8.8,Male
numeric,AFR,Africa,LSO,Lesotho,5.45,4.33,6.72,Male
numeric,AFR,Africa,GNB,Guinea-Bissau,5.51,2.19,11.04,Male
numeric,AFR,Africa,NER,Niger,5.61,4.71,6.62,Female
numeric,AFR,Africa,BFA,Burkina Faso,5.59,4.81,6.46,Female
numeric,SEAR,South-East Asia,MMR,Myanmar,5.6,4.93,6.33,All
numeric,AFR,Africa,CIV,Cote d'Ivoire,5.7,3.6,8.31,Male
numeric,AFR,Africa,GNQ,Equatorial Guinea,5.76,2.21,11.58,Male
numeric,AFR,Africa,SSD,South Sudan,5.82,3.82,8.38,All
numeric,EMR,Eastern Mediterranean,EGY,Egypt,50.44,48.46,52.43,Female
numeric,WPR,Western Pacific,MHL,Marshall Islands,50.86,46.98,54.59,Female
numeric,WPR,Western Pacific,KIR,Kiribati,51.91,47.56,56.16,Female
numeric,WPR,Western Pacific,FSM,Micronesia (Federated States of),52.18,47.64,56.74,Female
numeric,WPR,Western Pacific,TUV,Tuvalu,52.69,47.2,58.21,Male
numeric,WPR,Western Pacific,TON,Tonga,54.3,50.76,57.78,Male
numeric,WPR,Western Pacific,WSM,Samoa,57.04,54.3,59.86,All
numeric,WPR,Western Pacific,NIU,Niue,58.88,52.8,64.6,Male
numeric,WPR,Western Pacific,COK,Cook Islands,59.93,55.0,64.79,Male
numeric,WPR,Western Pacific,TUV,Tuvalu,59.92,56.2,63.61,All
numeric,SEAR,South-East Asia,BTN,Bhutan,6.0,4.69,7.45,Male
numeric,AFR,Africa,SLE,Sierra Leone,6.0,5.27,6.8,All
numeric,SEAR,South-East Asia,IND,India,6.13,5.68,6.59,Female
numeric,AFR,Africa,GMB,Gambia,6.15,4.35,8.38,Male
numeric,AFR,Africa,NGA,Nigeria,6.21,5.22,7.31,Male
numeric,WPR,Western Pacific,PHL,Philippines,6.23,5.63,6.87,All
numeric,AFR,Africa,BWA,Botswana,6.32,4.77,8.16,Male
numeric,AFR,Africa,COD,Democratic Republic of the Congo,6.26,5.18,7.48,Female
numeric,AFR,Africa,CAF,Central African Republic,6.43,5.16,7.87,All
numeric,AFR,Africa,GIN,Guinea,6.45,5.35,7.8,All
numeric,SEAR,South-East Asia,LKA,Sri Lanka,6.51,5.83,7.23,All
numeric,AFR,Africa,MRT,Mauritania,6.7,3.5,11.11,Male
numeric,WPR,Western Pacific,LAO,Lao People's Democratic Republic,6.72,5.11,8.57,Female
numeric,AFR,Africa,CPV,Cabo Verde,6.69,5.2,8.5,Male
numeric,EMR,Eastern Mediterranean,SDN,Sudan,6.83,5.35,8.54,Male
numeric,AFR,Africa,MOZ,Mozambique,6.76,5.79,7.79,All
numeric,SEAR,South-East Asia,IDN,Indonesia,6.79,6.19,7.41,All
numeric,WPR,Western Pacific,TKL,Tokelau,62.06,56.88,67.05,Male
numeric,WPR,Western Pacific,NIU,Niue,62.16,58.06,66.11,All
numeric,WPR,Western Pacific,COK,Cook Islands,63.79,60.41,67.06,All
numeric,WPR,Western Pacific,TON,Tonga,64.56,62.31,66.7,All
numeric,WPR,Western Pacific,NIU,Niue,65.51,59.74,70.98,Female
numeric,WPR,Western Pacific,TKL,Tokelau,66.06,62.48,69.46,All
numeric,WPR,Western Pacific,NRU,Nauru,66.17,62.05,70.23,Male
numeric,WPR,Western Pacific,TUV,Tuvalu,67.14,61.95,71.97,Female
numeric,WPR,Western Pacific,COK,Cook Islands,67.25,62.52,71.71,Female
numeric,WPR,Western Pacific,ASM,American Samoa,67.59,60.85,73.86,Male
numeric,WPR,Western Pacific,NRU,Nauru,67.83,64.94,70.66,All
numeric,WPR,Western Pacific,WSM,Samoa,68.3,64.59,71.87,Female
numeric,WPR,Western Pacific,NRU,Nauru,69.22,65.41,72.99,Female
numeric,AFR,Africa,STP,Sao Tome and Principe,7.1,5.7,8.64,Male
numeric,AFR,Africa,MLI,Mali,7.16,4.97,9.82,Male
numeric,SEAR,South-East Asia,PRK,Democratic People's Republic of Korea,7.33,3.79,12.21,All
numeric,EMR,Eastern Mediterranean,YEM,Yemen,7.26,5.35,9.44,Male
numeric,SEAR,South-East Asia,MMR,Myanmar,7.34,6.32,8.47,Female
numeric,AFR,Africa,UGA,Uganda,7.27,6.46,8.17,Female
numeric,AFR,Africa,LBR,Liberia,7.45,6.17,8.89,Male
numeric,AFR,Africa,ZMB,Zambia,7.52,6.6,8.51,All
numeric,AFR,Africa,COG,Congo,7.56,6.27,9.01,All
numeric,AFR,Africa,CMR,Cameroon,7.7,6.09,9.46,Male
numeric,AFR,Africa,MWI,Malawi,7.68,6.74,8.65,Female
numeric,WPR,Western Pacific,PHL,Philippines,7.69,6.72,8.71,Female
numeric,EMR,Eastern Mediterranean,DJI,Djibouti,7.81,4.18,12.77,All
numeric,SEAR,South-East Asia,THA,Thailand,7.84,6.75,9.02,Male
numeric,AFR,Africa,TGO,Togo,7.8,6.88,8.79,All
numeric,AFR,Africa,NAM,Namibia,7.94,5.46,11.01,Male
numeric,SEAR,South-East Asia,BTN,Bhutan,7.93,6.88,9.07,All
numeric,WPR,Western Pacific,TKL,Tokelau,70.17,65.48,74.76,Female
numeric,WPR,Western Pacific,ASM,American Samoa,72.87,68.45,77.05,All
numeric,WPR,Western Pacific,TON,Tonga,74.06,71.24,76.7,Female
numeric,WPR,Western Pacific,ASM,American Samoa,77.82,71.97,83.22,Female
numeric,AFR,Africa,SEN,Senegal,8.03,7.07,9.05,All
numeric,AFR,Africa,SSD,South Sudan,8.17,4.77,12.6,Female
numeric,AFR,Africa,MLI,Mali,8.19,6.87,9.71,All
numeric,AFR,Africa,TZA,United Republic of Tanzania,8.29,7.39,9.23,All
numeric,AFR,Africa,GNB,Guinea-Bissau,8.44,6.2,11.34,All
numeric,SEAR,South-East Asia,MDV,Maldives,8.36,6.75,10.18,Male
numeric,AFR,Africa,GIN,Guinea,8.43,7.07,9.96,Female
numeric,WPR,Western Pacific,SGP,Singapore,8.52,7.33,9.85,Female
numeric,AFR,Africa,GAB,Gabon,8.6,5.46,12.48,Male
numeric,AFR,Africa,BEN,Benin,8.6,7.69,9.52,All
numeric,AFR,Africa,CAF,Central African Republic,8.69,6.6,11.09,Female
numeric,AFR,Africa,CIV,Cote d'Ivoire,8.69,7.27,10.29,All
numeric,AMR,Americas,HTI,Haiti,8.73,7.37,10.36,All
numeric,AFR,Africa,KEN,Kenya,8.85,7.92,9.86,All
numeric,SEAR,South-East Asia,LKA,Sri Lanka,8.91,7.81,10.09,Female
numeric,AFR,Africa,AGO,Angola,9.0,6.2,12.28,All
numeric,WPR,Western Pacific,SGP,Singapore,8.96,8.08,9.96,All
numeric,SEAR,South-East Asia,PRK,Democratic People's Republic of Korea,9.14,3.69,17.42,Female
numeric,AFR,Africa,MLI,Mali,9.24,7.92,10.68,Female
numeric,AFR,Africa,NGA,Nigeria,9.22,8.42,10.07,All
numeric,AFR,Africa,MOZ,Mozambique,9.27,7.79,10.94,Female
numeric,WPR,Western Pacific,SGP,Singapore,9.29,7.93,10.79,Male
numeric,EMR,Eastern Mediterranean,AFG,Afghanistan,9.42,6.95,12.23,Male
numeric,AFR,Africa,SLE,Sierra Leone,9.44,8.16,10.84,Female
numeric,EUR,Europe,CHE,Switzerland,9.47,8.01,11.06,Female
