IndicatorCode,Indicator,ValueType,ParentLocationCode,ParentLocation,Location type,Location,Period type,Period,IsLatestYear,Dim1 type,Dim1ValueCode,Dim2 type,Dim2,Dim2ValueCode,FactValueNumeric,FactValueNumericLow,FactValueNumericHigh,Value,Region Code,Region Name,Country Code,Country Name,Year,Sex,Age group code,Age Group,Number,Percentage of cause-specific deaths out of total deaths,Death rate per 100 000 population
NCD_BMI_30A,"Prevalence of obesity among adults, BMI &GreaterEqual; 30 (age-standardized estimate) (%)",numeric,EUR,Europe,Country,Denmark,Year,2014,False,Sex,SEX_FMLE,Age Group,18+  years,AGEGROUP_YEARS18-PLUS,10.78,9.53,12.16,10.8 [9.5-12.2],EU,Europe,DNK,Denmark,2014,Female,Age_all,[All],6000.0,23.49716076,211.28069909
NCD_BMI_30A,"Prevalence of obesity among adults, BMI &GreaterEqual; 30 (age-standardized estimate) (%)",numeric,SEAR,South-East Asia,Country,Thailand,Year,2014,False,Sex,SEX_BTSX,Age Group,18+  years,AGEGROUP_YEARS18-PLUS,10.9,9.97,11.86,10.9 [10.0-11.9],AS,Asia,THA,Thailand,2014,All,Age_all,[All],58676.0,13.46941399,90.33287216
NCD_BMI_30A,"Prevalence of obesity among adults, BMI &GreaterEqual; 30 (age-standardized estimate) (%)",numeric,AFR,Africa,Country,Mauritius,Year,2014,False,Sex,SEX_MLE,Age Group,18+  years,AGEGROUP_YEARS18-PLUS,11.16,9.43,13.02,11.2 [9.4-13.0],AF,Africa,MUS,Mauritius,2014,Male,Age_all,[All],1589.0,30.55769231,263.30921185
NCD_BMI_30A,"Prevalence of obesity among adults, BMI &GreaterEqual; 30 (age-standardized estimate) (%)",numeric,EUR,Europe,Country,France,Year,2014,False,Sex,SEX_MLE,Age Group,18+  years,AGEGROUP_YEARS18-PLUS,11.32,10.3,12.4,11.3 [10.3-12.4],EU,Europe,FRA,France,2014,Male,Age_all,[All],62878.0,22.93402974,202.27670184
NCD_BMI_30A,"Prevalence of obesity among adults, BMI &GreaterEqual; 30 (age-standardized estimate) (%)",numeric,EUR,Europe,Country,France,Year,2014,False,Sex,SEX_FMLE,Age Group,18+  years,AGEGROUP_YEARS18-PLUS,11.35,10.38,12.32,11.3 [10.4-12.3],EU,Europe,FRA,France,2014,Female,Age_all,[All],73312.0,27.1075138,221.85946387
NCD_BMI_30A,"Prevalence of obesity among adults, BMI &GreaterEqual; 30 (age-standardized estimate) (%)",numeric,EUR,Europe,Country,France,Year,2014,False,Sex,SEX_BTSX,Age Group,18+  years,AGEGROUP_YEARS18-PLUS,11.32,10.62,12.05,11.3 [10.6-12.0],EU,Europe,FRA,France,2014,All,Age_all,[All],136190.0,25.00651833,212.3672163
NCD_BMI_30A,"Prevalence of obesity among adults, BMI &GreaterEqual; 30 (age-standardized estimate) (%)",numeric,EUR,Europe,Country,Switzerland,Year,2014,False,Sex,SEX_BTSX,Age Group,18+  years,AGEGROUP_YEARS18-PLUS,11.8,10.74,12.91,11.8 [10.7-12.9],EU,Europe,CHE,Switzerland,2014,All,Age_all,[All],20971.0,32.83748023,255.55684729
NCD_BMI_30A,"Prevalence of obesity among adults, BMI &GreaterEqual; 30 (age-standardized estimate) (%)",numeric,EUR,Europe,Country,Austria,Year,2014,False,Sex,SEX_FMLE,Age Group,18+  years,AGEGROUP_YEARS18-PLUS,12.22,10.19,14.38,12.2 [10.2-14.4],EU,Europe,AUT,Austria,2014,Female,Age_all,[All],19172.0,46.95797002,438.98152257
NCD_BMI_30A,"Prevalence of obesity among adults, BMI &GreaterEqual; 30 (age-standardized estimate) (%)",numeric,SEAR,South-East Asia,Country,Maldives,Year,2014,False,Sex,SEX_BTSX,Age Group,18+  years,AGEGROUP_YEARS18-PLUS,12.19,10.94,13.57,12.2 [10.9-13.6],AS,Asia,MDV,Maldives,2014,All,Age_all,[All],488.0,42.17804667,112.18003977
NCD_BMI_30A,"Prevalence of obesity among adults, BMI &GreaterEqual; 30 (age-standardized estimate) (%)",numeric,EUR,Europe,Country,Denmark,Year,2014,False,Sex,SEX_BTSX,Age Group,18+  years,AGEGROUP_YEARS18-PLUS,12.63,11.83,13.48,12.6 [11.8-13.5],EU,Europe,DNK,Denmark,2014,All,Age_all,[All],12109.0,23.74639656,214.70927896
NCD_BMI_30A,"Prevalence of obesity among adults, BMI &GreaterEqual; 30 (age-standardized estimate) (%)",numeric,EUR,Europe,Country,Kazakhstan,Year,2014,False,Sex,SEX_MLE,Age Group,18+  years,AGEGROUP_YEARS18-PLUS,13.18,11.16,15.33,13.2 [11.2-15.3],AS,Asia,KAZ,Kazakhstan,2014,Male,Age_all,[All],19042.0,26.47332786,228.06134206
NCD_BMI_30A,"Prevalence of obesity among adults, BMI &GreaterEqual; 30 (age-standardized estimate) (%)",numeric,EUR,Europe,Country,Netherlands (Kingdom of the),Year,2014,False,Sex,SEX_MLE,Age Group,18+  years,AGEGROUP_YEARS18-PLUS,13.42,11.29,15.74,13.4 [11.3-15.7],EU,Europe,NLD,Netherlands,2014,Male,Age_all,[All],17663.0,26.31516217,211.44121676
NCD_BMI_30A,"Prevalence of obesity among adults, BMI &GreaterEqual; 30 (age-standardized estimate) (%)",numeric,AMR,Americas,Country,Guyana,Year,2014,False,Sex,SEX_MLE,Age Group,18+  years,AGEGROUP_YEARS18-PLUS,13.48,11.2,16.06,13.5 [11.2-16.1],CSA,Central and South America,GUY,Guyana,2014,Male,Age_all,[All],1036.0,32.74336283,271.93314015
NCD_BMI_30A,"Prevalence of obesity among adults, BMI &GreaterEqual; 30 (age-standardized estimate) (%)",numeric,WPR,Western Pacific,Country,Malaysia,Year,2014,False,Sex,SEX_MLE,Age Group,18+  years,AGEGROUP_YEARS18-PLUS,13.59,12.3,15.0,13.6 [12.3-15.0],AS,Asia,MYS,Malaysia,2014,Male,Age_all,[All],13537.0,28.27808068,85.31115474
NCD_BMI_30A,"Prevalence of obesity among adults, BMI &GreaterEqual; 30 (age-standardized estimate) (%)",numeric,EUR,Europe,Country,Slovenia,Year,2014,False,Sex,SEX_FMLE,Age Group,18+  years,AGEGROUP_YEARS18-PLUS,13.73,12.74,14.76,13.7 [12.7-14.8],EU,Europe,SVN,Slovenia,2014,Female,Age_all,[All],4684.0,48.39842943,450.29628804
NCD_BMI_30A,"Prevalence of obesity among adults, BMI &GreaterEqual; 30 (age-standardized estimate) (%)",numeric,EUR,Europe,Country,Sweden,Year,2014,False,Sex,SEX_FMLE,Age Group,18+  years,AGEGROUP_YEARS18-PLUS,13.79,11.85,15.87,13.8 [11.9-15.9],EU,Europe,SWE,Sweden,2014,Female,Age_all,[All],16896.0,37.03476393,348.16933938
NCD_BMI_30A,"Prevalence of obesity among adults, BMI &GreaterEqual; 30 (age-standardized estimate) (%)",numeric,SEAR,South-East Asia,Country,Thailand,Year,2014,False,Sex,SEX_FMLE,Age Group,18+  years,AGEGROUP_YEARS18-PLUS,13.75,12.31,15.28,13.8 [12.3-15.3],AS,Asia,THA,Thailand,2014,Female,Age_all,[All],25859.0,13.62994276,78.28274282
NCD_BMI_30A,"Prevalence of obesity among adults, BMI &GreaterEqual; 30 (age-standardized estimate) (%)",numeric,AMR,Americas,Country,Cuba,Year,2014,False,Sex,SEX_MLE,Age Group,18+  years,AGEGROUP_YEARS18-PLUS,13.92,12.09,15.88,13.9 [12.1-15.9],NAC,North America and the Caribbean,CUB,Cuba,2014,Male,Age_all,[All],18928.0,36.45749066,336.81567189
NCD_BMI_30A,"Prevalence of obesity among adults, BMI &GreaterEqual; 30 (age-standardized estimate) (%)",numeric,EUR,Europe,Country,Netherlands (Kingdom of the),Year,2014,False,Sex,SEX_BTSX,Age Group,18+  years,AGEGROUP_YEARS18-PLUS,13.89,12.33,15.56,13.9 [12.3-15.6],EU,Europe,NLD,Netherlands,2014,All,Age_all,[All],37862.0,27.19521918,224.50033822
NCD_BMI_30A,"Prevalence of obesity among adults, BMI &GreaterEqual; 30 (age-standardized estimate) (%)",numeric,EUR,Europe,Country,Armenia,Year,2014,False,Sex,SEX_MLE,Age Group,18+  years,AGEGROUP_YEARS18-PLUS,14.02,11.41,16.78,14.0 [11.4-16.8],AS,Asia,ARM,Armenia,2014,Male,Age_all,[All],6422.0,45.16492018,445.56286134
NCD_BMI_30A,"Prevalence of obesity among adults, BMI &GreaterEqual; 30 (age-standardized estimate) (%)",numeric,AMR,Americas,Country,Jamaica,Year,2014,False,Sex,SEX_MLE,Age Group,18+  years,AGEGROUP_YEARS18-PLUS,14.2,11.99,16.64,14.2 [12.0-16.6],NAC,North America and the Caribbean,JAM,Jamaica,2014,Male,Age_all,[All],3227.0,33.91843599,225.78970421
NCD_BMI_30A,"Prevalence of obesity among adults, BMI &GreaterEqual; 30 (age-standardized estimate) (%)",numeric,EUR,Europe,Country,Switzerland,Year,2014,False,Sex,SEX_MLE,Age Group,18+  years,AGEGROUP_YEARS18-PLUS,14.16,12.67,15.77,14.2 [12.7-15.8],EU,Europe,CHE,Switzerland,2014,Male,Age_all,[All],9483.0,30.69329363,233.68671786
NCD_BMI_30A,"Prevalence of obesity among adults, BMI &GreaterEqual; 30 (age-standardized estimate) (%)",numeric,EUR,Europe,Country,Netherlands (Kingdom of the),Year,2014,False,Sex,SEX_FMLE,Age Group,18+  years,AGEGROUP_YEARS18-PLUS,14.29,12.15,16.66,14.3 [12.2-16.7],EU,Europe,NLD,Netherlands,2014,Female,Age_all,[All],20199.0,28.01447949,237.31740048
NCD_BMI_30A,"Prevalence of obesity among adults, BMI &GreaterEqual; 30 (age-standardized estimate) (%)",numeric,EUR,Europe,Country,Austria,Year,2014,False,Sex,SEX_BTSX,Age Group,18+  years,AGEGROUP_YEARS18-PLUS,14.31,12.83,15.86,14.3 [12.8-15.9],EU,Europe,AUT,Austria,2014,All,Age_all,[All],33136.0,42.34524357,387.83080202
NCD_BMI_30A,"Prevalence of obesity among adults, BMI &GreaterEqual; 30 (age-standardized estimate) (%)",numeric,AMR,Americas,Country,Colombia,Year,2014,False,Sex,SEX_MLE,Age Group,18+  years,AGEGROUP_YEARS18-PLUS,14.36,13.08,15.7,14.4 [13.1-15.7],CSA,Central and South America,COL,Colombia,2014,Male,Age_all,[All],34047.0,29.25527801,147.94659409
NCD_BMI_30A,"Prevalence of obesity among adults, BMI &GreaterEqual; 30 (age-standardized estimate) (%)",numeric,AFR,Africa,Country,South Africa,Year,2014,False,Sex,SEX_MLE,Age Group,18+  years,AGEGROUP_YEARS18-PLUS,14.35,13.25,15.51,14.4 [13.2-15.5],AF,Africa,ZAF,South Africa,2014,Male,Age_all,[All],35140.0,14.851255,130.5152828
NCD_BMI_30A,"Prevalence of obesity among adults, BMI &GreaterEqual; 30 (age-standardized estimate) (%)",numeric,EMR,Eastern Mediterranean,Country,Iran (Islamic Republic of),Year,2014,False,Sex,SEX_MLE,Age Group,18+  years,AGEGROUP_YEARS18-PLUS,14.46,13.44,15.49,14.5 [13.4-15.5],AS,Asia,IRN,Iran (Islamic Republic of),2014,Male,Age_all,[All],62655.0,39.6284771,159.89862037
NCD_BMI_30A,"Prevalence of obesity among adults, BMI &GreaterEqual; 30 (age-standardized estimate) (%)",numeric,EUR,Europe,Country,Denmark,Year,2014,False,Sex,SEX_MLE,Age Group,18+  years,AGEGROUP_YEARS18-PLUS,14.46,13.47,15.49,14.5 [13.5-15.5],EU,Europe,DNK,Denmark,2014,Male,Age_all,[All],6109.0,23.9963862,218.18675343
NCD_BMI_30A,"Prevalence of obesity among adults, BMI &GreaterEqual; 30 (age-standardized estimate) (%)",numeric,AMR,Americas,Country,Grenada,Year,2014,False,Sex,SEX_MLE,Age Group,18+  years,AGEGROUP_YEARS18-PLUS,14.66,10.88,18.96,14.7 [10.9-19.0],NAC,North America and the Caribbean,GRD,Grenada,2014,Male,Age_all,[All],176.0,33.91136802,320.2270701
NCD_BMI_30A,"Prevalence of obesity among adults, BMI &GreaterEqual; 30 (age-standardized estimate) (%)",numeric,EUR,Europe,Country,Sweden,Year,2014,False,Sex,SEX_BTSX,Age Group,18+  years,AGEGROUP_YEARS18-PLUS,14.7,13.27,16.19,14.7 [13.3-16.2],EU,Europe,SWE,Sweden,2014,All,Age_all,[All],32548.0,36.54532797,335.68102753
NCD_BMI_30A,"Prevalence of obesity among adults, BMI &GreaterEqual; 30 (age-standardized estimate) (%)",numeric,EUR,Europe,Country,Turkmenistan,Year,2014,False,Sex,SEX_MLE,Age Group,18+  years,AGEGROUP_YEARS18-PLUS,14.93,12.64,17.36,14.9 [12.6-17.4],AS,Asia,TKM,Turkmenistan,2014,Male,Age_all,[All],7720.0,42.70147685,286.88358584
NCD_BMI_30A,"Prevalence of obesity among adults, BMI &GreaterEqual; 30 (age-standardized estimate) (%)",numeric,AMR,Americas,Country,Saint Vincent and the Grenadines,Year,2014,False,Sex,SEX_MLE,Age Group,18+  years,AGEGROUP_YEARS18-PLUS,15.0,12.03,18.33,15.0 [12.0-18.3],NAC,North America and the Caribbean,VCT,Saint Vincent and the Grenadines,2014,Male,Age_all,[All],199.0,35.59928444,358.75894644
NCD_BMI_30A,"Prevalence of obesity among adults, BMI &GreaterEqual; 30 (age-standardized estimate) (%)",numeric,AMR,Americas,Country,Suriname,Year,2014,False,Sex,SEX_MLE,Age Group,18+  years,AGEGROUP_YEARS18-PLUS,15.15,10.6,20.53,15.1 [10.6-20.5],CSA,Central and South America,SUR,Suriname,2014,Male,Age_all,[All],528.0,29.46428571,189.63814313
NCD_BMI_30A,"Prevalence of obesity among adults, BMI &GreaterEqual; 30 (age-standardized estimate) (%)",numeric,AMR,Americas,Country,Saint Lucia,Year,2014,False,Sex,SEX_MLE,Age Group,18+  years,AGEGROUP_YEARS18-PLUS,15.31,12.74,18.0,15.3 [12.7-18.0],NAC,North America and the Caribbean,LCA,Saint Lucia,2014,Male,Age_all,[All],214.0,29.43603851,243.71910803
NCD_BMI_30A,"Prevalence of obesity among adults, BMI &GreaterEqual; 30 (age-standardized estimate) (%)",numeric,EUR,Europe,Country,Sweden,Year,2014,False,Sex,SEX_MLE,Age Group,18+  years,AGEGROUP_YEARS18-PLUS,15.55,13.61,17.62,15.5 [13.6-17.6],EU,Europe,SWE,Sweden,2014,Male,Age_all,[All],15652.0,36.03130755,323.16818796
NCD_BMI_30A,"Prevalence of obesity among adults, BMI &GreaterEqual; 30 (age-standardized estimate) (%)",numeric,EUR,Europe,Country,Italy,Year,2014,False,Sex,SEX_FMLE,Age Group,18+  years,AGEGROUP_YEARS18-PLUS,15.55,14.11,16.99,15.6 [14.1-17.0],EU,Europe,ITA,Italy,2014,Female,Age_all,[All],124127.0,40.18745751,396.62177316
NCD_BMI_30A,"Prevalence of obesity among adults, BMI &GreaterEqual; 30 (age-standardized estimate) (%)",numeric,EUR,Europe,Country,Spain,Year,2014,False,Sex,SEX_FMLE,Age Group,18+  years,AGEGROUP_YEARS18-PLUS,15.68,14.23,17.23,15.7 [14.2-17.2],EU,Europe,ESP,Spain,2014,Female,Age_all,[All],63812.0,32.84892849,270.21768124
NCD_BMI_30A,"Prevalence of obesity among adults, BMI &GreaterEqual; 30 (age-standardized estimate) (%)",numeric,AMR,Americas,Country,Peru,Year,2014,False,Sex,SEX_MLE,Age Group,18+  years,AGEGROUP_YEARS18-PLUS,15.78,14.87,16.7,15.8 [14.9-16.7],CSA,Central and South America,PER,Peru,2014,Male,Age_all,[All],9292.0,17.94341991,62.14080282
NCD_BMI_30A,"Prevalence of obesity among adults, BMI &GreaterEqual; 30 (age-standardized estimate) (%)",numeric,EUR,Europe,Country,Norway,Year,2014,False,Sex,SEX_FMLE,Age Group,18+  years,AGEGROUP_YEARS18-PLUS,15.86,13.25,18.65,15.9 [13.2-18.6],EU,Europe,NOR,Norway,2014,Female,Age_all,[All],6239.0,30.19991287,244.25478605
NCD_BMI_30A,"Prevalence of obesity among adults, BMI &GreaterEqual; 30 (age-standardized estimate) (%)",numeric,AMR,Americas,Country,Ecuador,Year,2014,False,Sex,SEX_MLE,Age Group,18+  years,AGEGROUP_YEARS18-PLUS,16.0,14.45,17.63,16.0 [14.5-17.6],CSA,Central and South America,ECU,Ecuador,2014,Male,Age_all,[All],7585.0,21.80976479,94.97774941
NCD_BMI_30A,"Prevalence of obesity among adults, BMI &GreaterEqual; 30 (age-standardized estimate) (%)",numeric,EUR,Europe,Country,Italy,Year,2014,False,Sex,SEX_BTSX,Age Group,18+  years,AGEGROUP_YEARS18-PLUS,16.27,15.18,17.39,16.3 [15.2-17.4],EU,Europe,ITA,Italy,2014,All,Age_all,[All],220193.0,36.78036314,362.2242394
NCD_BMI_30A,"Prevalence of obesity among adults, BMI &GreaterEqual; 30 (age-standardized estimate) (%)",numeric,EUR,Europe,Country,Austria,Year,2014,False,Sex,SEX_MLE,Age Group,18+  years,AGEGROUP_YEARS18-PLUS,16.38,14.3,18.54,16.4 [14.3-18.5],EU,Europe,AUT,Austria,2014,Male,Age_all,[All],13964.0,37.31295425,334.34293855
NCD_BMI_30A,"Prevalence of obesity among adults, BMI &GreaterEqual; 30 (age-standardized estimate) (%)",numeric,AMR,Americas,Country,Guatemala,Year,2014,False,Sex,SEX_MLE,Age Group,18+  years,AGEGROUP_YEARS18-PLUS,16.49,13.94,19.25,16.5 [13.9-19.2],CSA,Central and South America,GTM,Guatemala,2014,Male,Age_all,[All],6504.0,14.84592559,83.05814364
NCD_BMI_30A,"Prevalence of obesity among adults, BMI &GreaterEqual; 30 (age-standardized estimate) (%)",numeric,EUR,Europe,Country,Bulgaria,Year,2014,False,Sex,SEX_FMLE,Age Group,18+  years,AGEGROUP_YEARS18-PLUS,16.49,14.58,18.48,16.5 [14.6-18.5],EU,Europe,BGR,Bulgaria,2014,Female,Age_all,[All],37032.0,70.77711097,998.04404174
NCD_BMI_30A,"Prevalence of obesity among adults, BMI &GreaterEqual; 30 (age-standardized estimate) (%)",numeric,EUR,Europe,Country,Kazakhstan,Year,2014,False,Sex,SEX_BTSX,Age Group,18+  years,AGEGROUP_YEARS18-PLUS,16.52,15.07,18.05,16.5 [15.1-18.0],AS,Asia,KAZ,Kazakhstan,2014,All,Age_all,[All],35843.0,27.17540468,207.31547199
NCD_BMI_30A,"Prevalence of obesity among adults, BMI &GreaterEqual; 30 (age-standardized estimate) (%)",numeric,EUR,Europe,Country,Luxembourg,Year,2014,False,Sex,SEX_FMLE,Age Group,18+  years,AGEGROUP_YEARS18-PLUS,16.59,14.08,19.29,16.6 [14.1-19.3],EU,Europe,LUX,Luxembourg,2014,Female,Age_all,[All],620.0,34.71444569,223.20223202
NCD_BMI_30A,"Prevalence of obesity among adults, BMI &GreaterEqual; 30 (age-standardized estimate) (%)",numeric,EUR,Europe,Country,Slovenia,Year,2014,False,Sex,SEX_BTSX,Age Group,18+  years,AGEGROUP_YEARS18-PLUS,16.6,15.79,17.44,16.6 [15.8-17.4],EU,Europe,SVN,Slovenia,2014,All,Age_all,[All],7754.0,41.05686752,376.1114423
NCD_BMI_30A,"Prevalence of obesity among adults, BMI &GreaterEqual; 30 (age-standardized estimate) (%)",numeric,EUR,Europe,Country,Bosnia and Herzegovina,Year,2014,False,Sex,SEX_MLE,Age Group,18+  years,AGEGROUP_YEARS18-PLUS,16.73,12.72,21.03,16.7 [12.7-21.0],EU,Europe,BIH,Bosnia and Herzegovina,2014,Male,Age_all,[All],8320.0,45.31590414,444.09144868
NCD_BMI_30A,"Prevalence of obesity among adults, BMI &GreaterEqual; 30 (age-standardized estimate) (%)",numeric,AFR,Africa,Country,Seychelles,Year,2014,False,Sex,SEX_MLE,Age Group,18+  years,AGEGROUP_YEARS18-PLUS,16.66,13.36,20.18,16.7 [13.4-20.2],AF,Africa,SYC,Seychelles,2014,Male,Age_all,[All],108.0,25.41176471,238.52643668
NCD_BMI_30A,"Prevalence of obesity among adults, BMI &GreaterEqual; 30 (age-standardized estimate) (%)",numeric,EUR,Europe,Country,Italy,Year,2014,False,Sex,SEX_MLE,Age Group,18+  years,AGEGROUP_YEARS18-PLUS,16.87,15.19,18.59,16.9 [15.2-18.6],EU,Europe,ITA,Italy,2014,Male,Age_all,[All],96066.0,33.14906832,325.72389785
NCD_BMI_30A,"Prevalence of obesity among adults, BMI &GreaterEqual; 30 (age-standardized estimate) (%)",numeric,AFR,Africa,Country,Mauritius,Year,2014,False,Sex,SEX_BTSX,Age Group,18+  years,AGEGROUP_YEARS18-PLUS,16.89,15.38,18.41,16.9 [15.4-18.4],AF,Africa,MUS,Mauritius,2014,All,Age_all,[All],2997.0,31.75460903,245.80382444
NCD_BMI_30A,"Prevalence of obesity among adults, BMI &GreaterEqual; 30 (age-standardized estimate) (%)",numeric,EUR,Europe,Country,Norway,Year,2014,False,Sex,SEX_BTSX,Age Group,18+  years,AGEGROUP_YEARS18-PLUS,16.99,15.15,18.99,17.0 [15.1-19.0],EU,Europe,NOR,Norway,2014,All,Age_all,[All],11716.0,29.04025382,228.05181347
NCD_BMI_30A,"Prevalence of obesity among adults, BMI &GreaterEqual; 30 (age-standardized estimate) (%)",numeric,WPR,Western Pacific,Country,Malaysia,Year,2014,False,Sex,SEX_BTSX,Age Group,18+  years,AGEGROUP_YEARS18-PLUS,17.14,16.14,18.17,17.1 [16.1-18.2],AS,Asia,MYS,Malaysia,2014,All,Age_all,[All],20988.0,27.1285465,68.34583762
NCD_BMI_30A,"Prevalence of obesity among adults, BMI &GreaterEqual; 30 (age-standardized estimate) (%)",numeric,EUR,Europe,Country,Ukraine,Year,2014,False,Sex,SEX_MLE,Age Group,18+  years,AGEGROUP_YEARS18-PLUS,17.22,13.75,21.0,17.2 [13.7-21.0],EU,Europe,UKR,Ukraine,2014,Male,Age_all,[All],183219.0,58.97525035,924.60221878
NCD_BMI_30A,"Prevalence of obesity among adults, BMI &GreaterEqual; 30 (age-standardized estimate) (%)",numeric,AMR,Americas,Country,Brazil,Year,2014,False,Sex,SEX_MLE,Age Group,18+  years,AGEGROUP_YEARS18-PLUS,17.22,16.0,18.48,17.2 [16.0-18.5],CSA,Central and South America,BRA,Brazil,2014,Male,Age_all,[All],178337.0,25.69986252,178.59461917
NCD_BMI_30A,"Prevalence of obesity among adults, BMI &GreaterEqual; 30 (age-standardized estimate) (%)",numeric,SEAR,South-East Asia,Country,Maldives,Year,2014,False,Sex,SEX_FMLE,Age Group,18+  years,AGEGROUP_YEARS18-PLUS,17.33,15.41,19.31,17.3 [15.4-19.3],AS,Asia,MDV,Maldives,2014,Female,Age_all,[All],196.0,40.49586777,108.67998181
NCD_BMI_30A,"Prevalence of obesity among adults, BMI &GreaterEqual; 30 (age-standardized estimate) (%)",numeric,AMR,Americas,Country,Cuba,Year,2014,False,Sex,SEX_BTSX,Age Group,18+  years,AGEGROUP_YEARS18-PLUS,17.32,15.92,18.84,17.3 [15.9-18.8],NAC,North America and the Caribbean,CUB,Cuba,2014,All,Age_all,[All],36427.0,37.81480328,322.16599699
NCD_BMI_30A,"Prevalence of obesity among adults, BMI &GreaterEqual; 30 (age-standardized estimate) (%)",numeric,EUR,Europe,Country,Belarus,Year,2014,False,Sex,SEX_MLE,Age Group,18+  years,AGEGROUP_YEARS18-PLUS,17.38,14.43,20.45,17.4 [14.4-20.4],EU,Europe,BLR,Belarus,2014,Male,Age_all,[All],32671.0,53.31951562,741.64556284
NCD_BMI_30A,"Prevalence of obesity among adults, BMI &GreaterEqual; 30 (age-standardized estimate) (%)",numeric,EUR,Europe,Country,Belgium,Year,2014,False,Sex,SEX_MLE,Age Group,18+  years,AGEGROUP_YEARS18-PLUS,17.76,15.61,19.98,17.8 [15.6-20.0],EU,Europe,BEL,Belgium,2014,Male,Age_all,[All],13673.0,26.5088505,247.63727632
NCD_BMI_30A,"Prevalence of obesity among adults, BMI &GreaterEqual; 30 (age-standardized estimate) (%)",numeric,EUR,Europe,Country,Serbia,Year,2014,False,Sex,SEX_FMLE,Age Group,18+  years,AGEGROUP_YEARS18-PLUS,17.88,15.88,20.03,17.9 [15.9-20.0],EU,Europe,SRB,Serbia,2014,Female,Age_all,[All],29302.0,58.32752752,800.81092286
NCD_BMI_30A,"Prevalence of obesity among adults, BMI &GreaterEqual; 30 (age-standardized estimate) (%)",numeric,EUR,Europe,Country,Bosnia and Herzegovina,Year,2014,False,Sex,SEX_BTSX,Age Group,18+  years,AGEGROUP_YEARS18-PLUS,17.98,15.03,21.12,18.0 [15.0-21.1],EU,Europe,BIH,Bosnia and Herzegovina,2014,All,Age_all,[All],17906.0,49.76653696,467.84414148
NCD_BMI_30A,"Prevalence of obesity among adults, BMI &GreaterEqual; 30 (age-standardized estimate) (%)",numeric,EUR,Europe,Country,Norway,Year,2014,False,Sex,SEX_MLE,Age Group,18+  years,AGEGROUP_YEARS18-PLUS,18.0,15.38,20.88,18.0 [15.4-20.9],EU,Europe,NOR,Norway,2014,Male,Age_all,[All],5477.0,27.82321565,212.02967409
NCD_BMI_30A,"Prevalence of obesity among adults, BMI &GreaterEqual; 30 (age-standardized estimate) (%)",numeric,EUR,Europe,Country,Iceland,Year,2014,False,Sex,SEX_FMLE,Age Group,18+  years,AGEGROUP_YEARS18-PLUS,18.1,14.64,21.97,18.1 [14.6-22.0],EU,Europe,ISL,Iceland,2014,Female,Age_all,[All],312.0,31.23123123,191.25440207
NCD_BMI_30A,"Prevalence of obesity among adults, BMI &GreaterEqual; 30 (age-standardized estimate) (%)",numeric,EUR,Europe,Country,Turkmenistan,Year,2014,False,Sex,SEX_BTSX,Age Group,18+  years,AGEGROUP_YEARS18-PLUS,18.09,16.5,19.77,18.1 [16.5-19.8],AS,Asia,TKM,Turkmenistan,2014,All,Age_all,[All],14334.0,45.1450348,262.22356214
NCD_BMI_30A,"Prevalence of obesity among adults, BMI &GreaterEqual; 30 (age-standardized estimate) (%)",numeric,EUR,Europe,Country,Luxembourg,Year,2014,False,Sex,SEX_BTSX,Age Group,18+  years,AGEGROUP_YEARS18-PLUS,18.19,16.24,20.19,18.2 [16.2-20.2],EU,Europe,LUX,Luxembourg,2014,All,Age_all,[All],1163.0,31.3900135,209.05271975
NCD_BMI_30A,"Prevalence of obesity among adults, BMI &GreaterEqual; 30 (age-standardized estimate) (%)",numeric,EUR,Europe,Country,Belgium,Year,2014,False,Sex,SEX_BTSX,Age Group,18+  years,AGEGROUP_YEARS18-PLUS,18.17,16.65,19.75,18.2 [16.7-19.8],EU,Europe,BEL,Belgium,2014,All,Age_all,[All],29964.0,28.60388526,266.88558576
NCD_BMI_30A,"Prevalence of obesity among adults, BMI &GreaterEqual; 30 (age-standardized estimate) (%)",numeric,EUR,Europe,Country,Bulgaria,Year,2014,False,Sex,SEX_BTSX,Age Group,18+  years,AGEGROUP_YEARS18-PLUS,18.22,16.68,19.83,18.2 [16.7-19.8],EU,Europe,BGR,Bulgaria,2014,All,Age_all,[All],71759.0,65.86294882,993.35023317
NCD_BMI_30A,"Prevalence of obesity among adults, BMI &GreaterEqual; 30 (age-standardized estimate) (%)",numeric,EUR,Europe,Country,Spain,Year,2014,False,Sex,SEX_BTSX,Age Group,18+  years,AGEGROUP_YEARS18-PLUS,18.23,17.01,19.47,18.2 [17.0-19.5],EU,Europe,ESP,Spain,2014,All,Age_all,[All],117393.0,29.65742869,252.70192459
NCD_BMI_30A,"Prevalence of obesity among adults, BMI &GreaterEqual; 30 (age-standardized estimate) (%)",numeric,EUR,Europe,Country,Kyrgyzstan,Year,2014,False,Sex,SEX_MLE,Age Group,18+  years,AGEGROUP_YEARS18-PLUS,18.39,14.98,22.01,18.4 [15.0-22.0],AS,Asia,KGZ,Kyrgyzstan,2014,Male,Age_all,[All],9171.0,45.84124763,317.69202683
NCD_BMI_30A,"Prevalence of obesity among adults, BMI &GreaterEqual; 30 (age-standardized estimate) (%)",numeric,AMR,Americas,Country,Dominican Republic,Year,2014,False,Sex,SEX_MLE,Age Group,18+  years,AGEGROUP_YEARS18-PLUS,18.37,16.35,20.5,18.4 [16.3-20.5],NAC,North America and the Caribbean,DOM,Dominican Republic,2014,Male,Age_all,[All],6429.0,24.15918229,126.26862752
NCD_BMI_30A,"Prevalence of obesity among adults, BMI &GreaterEqual; 30 (age-standardized estimate) (%)",numeric,EUR,Europe,Country,Belgium,Year,2014,False,Sex,SEX_FMLE,Age Group,18+  years,AGEGROUP_YEARS18-PLUS,18.52,16.42,20.81,18.5 [16.4-20.8],EU,Europe,BEL,Belgium,2014,Female,Age_all,[All],16291.0,30.6360012,285.51143807
NCD_BMI_30A,"Prevalence of obesity among adults, BMI &GreaterEqual; 30 (age-standardized estimate) (%)",numeric,EUR,Europe,Country,Portugal,Year,2014,False,Sex,SEX_MLE,Age Group,18+  years,AGEGROUP_YEARS18-PLUS,18.67,16.4,21.16,18.7 [16.4-21.2],EU,Europe,PRT,Portugal,2014,Male,Age_all,[All],14574.0,27.24213989,294.96990696
NCD_BMI_30A,"Prevalence of obesity among adults, BMI &GreaterEqual; 30 (age-standardized estimate) (%)",numeric,EUR,Europe,Country,Uzbekistan,Year,2014,False,Sex,SEX_MLE,Age Group,18+  years,AGEGROUP_YEARS18-PLUS,18.67,16.46,20.96,18.7 [16.5-21.0],AS,Asia,UZB,Uzbekistan,2014,Male,Age_all,[All],47415.0,58.20290922,307.59308267
NCD_BMI_30A,"Prevalence of obesity among adults, BMI &GreaterEqual; 30 (age-standardized estimate) (%)",numeric,EUR,Europe,Country,Germany,Year,2014,False,Sex,SEX_FMLE,Age Group,18+  years,AGEGROUP_YEARS18-PLUS,18.79,16.89,20.79,18.8 [16.9-20.8],EU,Europe,DEU,Germany,2014,Female,Age_all,[All],189518.0,42.48015726,459.03523833
NCD_BMI_30A,"Prevalence of obesity among adults, BMI &GreaterEqual; 30 (age-standardized estimate) (%)",numeric,EUR,Europe,Country,Bosnia and Herzegovina,Year,2014,False,Sex,SEX_FMLE,Age Group,18+  years,AGEGROUP_YEARS18-PLUS,18.91,14.64,23.38,18.9 [14.6-23.4],EU,Europe,BIH,Bosnia and Herzegovina,2014,Female,Age_all,[All],9586.0,54.40408627,490.61982593
NCD_BMI_30A,"Prevalence of obesity among adults, BMI &GreaterEqual; 30 (age-standardized estimate) (%)",numeric,EUR,Europe,Country,Republic of Moldova,Year,2014,False,Sex,SEX_MLE,Age Group,18+  years,AGEGROUP_YEARS18-PLUS,18.87,16.15,21.72,18.9 [16.1-21.7],EU,Europe,MDA,Republic of Moldova,2014,Male,Age_all,[All],10267.0,49.8252936,600.10228684
NCD_BMI_30A,"Prevalence of obesity among adults, BMI &GreaterEqual; 30 (age-standardized estimate) (%)",numeric,EUR,Europe,Country,Kazakhstan,Year,2014,False,Sex,SEX_FMLE,Age Group,18+  years,AGEGROUP_YEARS18-PLUS,18.88,16.81,21.08,18.9 [16.8-21.1],AS,Asia,KAZ,Kazakhstan,2014,Female,Age_all,[All],16801.0,28.01754327,187.93901563
NCD_BMI_30A,"Prevalence of obesity among adults, BMI &GreaterEqual; 30 (age-standardized estimate) (%)",numeric,EUR,Europe,Country,Serbia,Year,2014,False,Sex,SEX_BTSX,Age Group,18+  years,AGEGROUP_YEARS18-PLUS,18.94,17.4,20.51,18.9 [17.4-20.5],EU,Europe,SRB,Serbia,2014,All,Age_all,[All],53993.0,53.32799984,757.07533049
NCD_BMI_30A,"Prevalence of obesity among adults, BMI &GreaterEqual; 30 (age-standardized estimate) (%)",numeric,EUR,Europe,Country,Russian Federation,Year,2014,False,Sex,SEX_MLE,Age Group,18+  years,AGEGROUP_YEARS18-PLUS,19.04,17.05,21.12,19.0 [17.1-21.1],EU,Europe,RUS,Russian Federation,2014,Male,Age_all,[All],430899.0,44.94734921,648.45400096
NCD_BMI_30A,"Prevalence of obesity among adults, BMI &GreaterEqual; 30 (age-standardized estimate) (%)",numeric,AMR,Americas,Country,Antigua and Barbuda,Year,2014,False,Sex,SEX_MLE,Age Group,18+  years,AGEGROUP_YEARS18-PLUS,19.21,10.24,30.13,19.2 [10.2-30.1],NAC,North America and the Caribbean,ATG,Antigua and Barbuda,2014,Male,Age_all,[All],108.0,33.23076923,242.68572199
NCD_BMI_30A,"Prevalence of obesity among adults, BMI &GreaterEqual; 30 (age-standardized estimate) (%)",numeric,EUR,Europe,Country,Iceland,Year,2014,False,Sex,SEX_BTSX,Age Group,18+  years,AGEGROUP_YEARS18-PLUS,19.15,16.67,21.73,19.2 [16.7-21.7],EU,Europe,ISL,Iceland,2014,All,Age_all,[All],674.0,32.91015625,205.87350387
NCD_BMI_30A,"Prevalence of obesity among adults, BMI &GreaterEqual; 30 (age-standardized estimate) (%)",numeric,EUR,Europe,Country,Portugal,Year,2014,False,Sex,SEX_BTSX,Age Group,18+  years,AGEGROUP_YEARS18-PLUS,19.24,17.68,20.94,19.2 [17.7-20.9],EU,Europe,PRT,Portugal,2014,All,Age_all,[All],32286.0,30.68457218,310.41060999
NCD_BMI_30A,"Prevalence of obesity among adults, BMI &GreaterEqual; 30 (age-standardized estimate) (%)",numeric,AMR,Americas,Country,El Salvador,Year,2014,False,Sex,SEX_MLE,Age Group,18+  years,AGEGROUP_YEARS18-PLUS,19.27,15.86,22.78,19.3 [15.9-22.8],CSA,Central and South America,SLV,El Salvador,2014,Male,Age_all,[All],2853.0,13.37239278,96.27334747
NCD_BMI_30A,"Prevalence of obesity among adults, BMI &GreaterEqual; 30 (age-standardized estimate) (%)",numeric,EUR,Europe,Country,Slovenia,Year,2014,False,Sex,SEX_MLE,Age Group,18+  years,AGEGROUP_YEARS18-PLUS,19.25,17.93,20.61,19.3 [17.9-20.6],EU,Europe,SVN,Slovenia,2014,Male,Age_all,[All],3070.0,33.34057341,300.56225702
NCD_BMI_30A,"Prevalence of obesity among adults, BMI &GreaterEqual; 30 (age-standardized estimate) (%)",numeric,AMR,Americas,Country,Colombia,Year,2014,False,Sex,SEX_BTSX,Age Group,18+  years,AGEGROUP_YEARS18-PLUS,19.3,18.3,20.33,19.3 [18.3-20.3],CSA,Central and South America,COL,Colombia,2014,All,Age_all,[All],66099.0,31.46807204,140.73289863
NCD_BMI_30A,"Prevalence of obesity among adults, BMI &GreaterEqual; 30 (age-standardized estimate) (%)",numeric,EUR,Europe,Country,Finland,Year,2014,False,Sex,SEX_MLE,Age Group,18+  years,AGEGROUP_YEARS18-PLUS,19.4,17.74,21.12,19.4 [17.7-21.1],EU,Europe,FIN,Finland,2014,Male,Age_all,[All],9496.0,36.71512527,353.52191931
NCD_BMI_30A,"Prevalence of obesity among adults, BMI &GreaterEqual; 30 (age-standardized estimate) (%)",numeric,EUR,Europe,Country,Portugal,Year,2014,False,Sex,SEX_FMLE,Age Group,18+  years,AGEGROUP_YEARS18-PLUS,19.62,17.46,21.88,19.6 [17.5-21.9],EU,Europe,PRT,Portugal,2014,Female,Age_all,[All],17712.0,34.24527755,324.38259345
NCD_BMI_30A,"Prevalence of obesity among adults, BMI &GreaterEqual; 30 (age-standardized estimate) (%)",numeric,EUR,Europe,Country,Serbia,Year,2014,False,Sex,SEX_MLE,Age Group,18+  years,AGEGROUP_YEARS18-PLUS,19.71,17.45,22.1,19.7 [17.4-22.1],EU,Europe,SRB,Serbia,2014,Male,Age_all,[All],24691.0,48.40423446,710.99354805
NCD_BMI_30A,"Prevalence of obesity among adults, BMI &GreaterEqual; 30 (age-standardized estimate) (%)",numeric,EUR,Europe,Country,Finland,Year,2014,False,Sex,SEX_BTSX,Age Group,18+  years,AGEGROUP_YEARS18-PLUS,19.68,18.53,20.86,19.7 [18.5-20.9],EU,Europe,FIN,Finland,2014,All,Age_all,[All],19643.0,37.48020378,359.6623389
NCD_BMI_30A,"Prevalence of obesity among adults, BMI &GreaterEqual; 30 (age-standardized estimate) (%)",numeric,EUR,Europe,Country,Cyprus,Year,2014,False,Sex,SEX_FMLE,Age Group,18+  years,AGEGROUP_YEARS18-PLUS,19.78,14.43,25.99,19.8 [14.4-26.0],AS,Asia,CYP,Cyprus,2014,Female,Age_all,[All],943.0,35.96491228,214.90477417
NCD_BMI_30A,"Prevalence of obesity among adults, BMI &GreaterEqual; 30 (age-standardized estimate) (%)",numeric,EUR,Europe,Country,Luxembourg,Year,2014,False,Sex,SEX_MLE,Age Group,18+  years,AGEGROUP_YEARS18-PLUS,19.76,16.85,22.8,19.8 [16.9-22.8],EU,Europe,LUX,Luxembourg,2014,Male,Age_all,[All],543.0,28.29598749,194.94227124
NCD_BMI_30A,"Prevalence of obesity among adults, BMI &GreaterEqual; 30 (age-standardized estimate) (%)",numeric,EUR,Europe,Country,Slovakia,Year,2014,False,Sex,SEX_FMLE,Age Group,18+  years,AGEGROUP_YEARS18-PLUS,19.76,17.08,22.56,19.8 [17.1-22.6],EU,Europe,SVK,Slovakia,2014,Female,Age_all,[All],12349.0,49.70016501,444.53563863
NCD_BMI_30A,"Prevalence of obesity among adults, BMI &GreaterEqual; 30 (age-standardized estimate) (%)",numeric,EUR,Europe,Country,Bulgaria,Year,2014,False,Sex,SEX_MLE,Age Group,18+  years,AGEGROUP_YEARS18-PLUS,19.76,17.38,22.28,19.8 [17.4-22.3],EU,Europe,BGR,Bulgaria,2014,Male,Age_all,[All],34727.0,61.32262052,988.39327391
NCD_BMI_30A,"Prevalence of obesity among adults, BMI &GreaterEqual; 30 (age-standardized estimate) (%)",numeric,EUR,Europe,Country,Finland,Year,2014,False,Sex,SEX_FMLE,Age Group,18+  years,AGEGROUP_YEARS18-PLUS,19.76,18.27,21.36,19.8 [18.3-21.4],EU,Europe,FIN,Finland,2014,Female,Age_all,[All],10147.0,38.22565455,365.60522131
NCD_BMI_30A,"Prevalence of obesity among adults, BMI &GreaterEqual; 30 (age-standardized estimate) (%)",numeric,AMR,Americas,Country,Peru,Year,2014,False,Sex,SEX_BTSX,Age Group,18+  years,AGEGROUP_YEARS18-PLUS,20.01,19.35,20.63,20.0 [19.4-20.6],CSA,Central and South America,PER,Peru,2014,All,Age_all,[All],17941.0,18.59961227,59.62374859
NCD_BMI_30A,"Prevalence of obesity among adults, BMI &GreaterEqual; 30 (age-standardized estimate) (%)",numeric,EUR,Europe,Country,Iceland,Year,2014,False,Sex,SEX_MLE,Age Group,18+  years,AGEGROUP_YEARS18-PLUS,20.2,16.81,23.82,20.2 [16.8-23.8],EU,Europe,ISL,Iceland,2014,Male,Age_all,[All],362.0,34.50905624,220.39305457
NCD_BMI_30A,"Prevalence of obesity among adults, BMI &GreaterEqual; 30 (age-standardized estimate) (%)",numeric,EUR,Europe,Country,Germany,Year,2014,False,Sex,SEX_BTSX,Age Group,18+  years,AGEGROUP_YEARS18-PLUS,20.43,19.08,21.81,20.4 [19.1-21.8],EU,Europe,DEU,Germany,2014,All,Age_all,[All],338056.0,38.93057686,417.44327478
NCD_BMI_30A,"Prevalence of obesity among adults, BMI &GreaterEqual; 30 (age-standardized estimate) (%)",numeric,EUR,Europe,Country,Czechia,Year,2014,False,Sex,SEX_FMLE,Age Group,18+  years,AGEGROUP_YEARS18-PLUS,20.49,18.69,22.3,20.5 [18.7-22.3],EU,Europe,CZE,Czechia,2014,Female,Age_all,[All],26138.0,50.33798748,488.04651996
NCD_BMI_30A,"Prevalence of obesity among adults, BMI &GreaterEqual; 30 (age-standardized estimate) (%)",numeric,AMR,Americas,Country,Cuba,Year,2014,False,Sex,SEX_FMLE,Age Group,18+  years,AGEGROUP_YEARS18-PLUS,20.62,18.56,22.88,20.6 [18.6-22.9],NAC,North America and the Caribbean,CUB,Cuba,2014,Female,Age_all,[All],17499.0,39.4015131,307.68998129
NCD_BMI_30A,"Prevalence of obesity among adults, BMI &GreaterEqual; 30 (age-standardized estimate) (%)",numeric,EUR,Europe,Country,Spain,Year,2014,False,Sex,SEX_MLE,Age Group,18+  years,AGEGROUP_YEARS18-PLUS,20.64,18.76,22.66,20.6 [18.8-22.7],EU,Europe,ESP,Spain,2014,Male,Age_all,[All],53581.0,26.58170074,234.59187467
NCD_BMI_30A,"Prevalence of obesity among adults, BMI &GreaterEqual; 30 (age-standardized estimate) (%)",numeric,EUR,Europe,Country,Turkmenistan,Year,2014,False,Sex,SEX_FMLE,Age Group,18+  years,AGEGROUP_YEARS18-PLUS,20.72,18.47,23.14,20.7 [18.5-23.1],AS,Asia,TKM,Turkmenistan,2014,Female,Age_all,[All],6614.0,48.37624342,238.31340122
NCD_BMI_30A,"Prevalence of obesity among adults, BMI &GreaterEqual; 30 (age-standardized estimate) (%)",numeric,EUR,Europe,Country,Estonia,Year,2014,False,Sex,SEX_FMLE,Age Group,18+  years,AGEGROUP_YEARS18-PLUS,20.84,18.85,22.93,20.8 [18.8-22.9],EU,Europe,EST,Estonia,2014,Female,Age_all,[All],4908.0,61.3116802,701.25205211
NCD_BMI_30A,"Prevalence of obesity among adults, BMI &GreaterEqual; 30 (age-standardized estimate) (%)",numeric,AMR,Americas,Country,Brazil,Year,2014,False,Sex,SEX_BTSX,Age Group,18+  years,AGEGROUP_YEARS18-PLUS,20.75,19.86,21.65,20.8 [19.9-21.6],CSA,Central and South America,BRA,Brazil,2014,All,Age_all,[All],340373.0,27.73937911,167.86679989
NCD_BMI_30A,"Prevalence of obesity among adults, BMI &GreaterEqual; 30 (age-standardized estimate) (%)",numeric,EMR,Eastern Mediterranean,Country,Iran (Islamic Republic of),Year,2014,False,Sex,SEX_BTSX,Age Group,18+  years,AGEGROUP_YEARS18-PLUS,20.79,19.97,21.6,20.8 [20.0-21.6],AS,Asia,IRN,Iran (Islamic Republic of),2014,All,Age_all,[All],115296.0,42.26052151,148.83476921
NCD_BMI_30A,"Prevalence of obesity among adults, BMI &GreaterEqual; 30 (age-standardized estimate) (%)",numeric,EUR,Europe,Country,Estonia,Year,2014,False,Sex,SEX_MLE,Age Group,18+  years,AGEGROUP_YEARS18-PLUS,20.89,18.52,23.4,20.9 [18.5-23.4],EU,Europe,EST,Estonia,2014,Male,Age_all,[All],3342.0,44.76892163,543.7205322
NCD_BMI_30A,"Prevalence of obesity among adults, BMI &GreaterEqual; 30 (age-standardized estimate) (%)",numeric,AMR,Americas,Country,Venezuela (Bolivarian Republic of),Year,2014,False,Sex,SEX_MLE,Age Group,18+  years,AGEGROUP_YEARS18-PLUS,20.91,18.67,23.26,20.9 [18.7-23.3],CSA,Central and South America,VEN,Venezuela (Bolivarian Republic of),2014,Male,Age_all,[All],28166.0,28.8287735,188.35831146
NCD_BMI_30A,"Prevalence of obesity among adults, BMI &GreaterEqual; 30 (age-standardized estimate) (%)",numeric,WPR,Western Pacific,Country,Malaysia,Year,2014,False,Sex,SEX_FMLE,Age Group,18+  years,AGEGROUP_YEARS18-PLUS,20.85,19.34,22.42,20.9 [19.3-22.4],AS,Asia,MYS,Malaysia,2014,Female,Age_all,[All],7451.0,25.26276531,50.20642177
NCD_BMI_30A,"Prevalence of obesity among adults, BMI &GreaterEqual; 30 (age-standardized estimate) (%)",numeric,AMR,Americas,Country,Costa Rica,Year,2014,False,Sex,SEX_MLE,Age Group,18+  years,AGEGROUP_YEARS18-PLUS,20.98,18.8,23.24,21.0 [18.8-23.2],CSA,Central and South America,CRI,Costa Rica,2014,Male,Age_all,[All],3262.0,28.37261894,135.92142392
NCD_BMI_30A,"Prevalence of obesity among adults, BMI &GreaterEqual; 30 (age-standardized estimate) (%)",numeric,EUR,Europe,Country,Belarus,Year,2014,False,Sex,SEX_BTSX,Age Group,18+  years,AGEGROUP_YEARS18-PLUS,21.1,18.98,23.27,21.1 [19.0-23.3],EU,Europe,BLR,Belarus,2014,All,Age_all,[All],67473.0,55.51414326,712.15284884
NCD_BMI_30A,"Prevalence of obesity among adults, BMI &GreaterEqual; 30 (age-standardized estimate) (%)",numeric,EUR,Europe,Country,Armenia,Year,2014,False,Sex,SEX_BTSX,Age Group,18+  years,AGEGROUP_YEARS18-PLUS,21.18,19.39,23.0,21.2 [19.4-23.0],AS,Asia,ARM,Armenia,2014,All,Age_all,[All],13267.0,47.87111207,440.20267838
NCD_BMI_30A,"Prevalence of obesity among adults, BMI &GreaterEqual; 30 (age-standardized estimate) (%)",numeric,EUR,Europe,Country,Estonia,Year,2014,False,Sex,SEX_BTSX,Age Group,18+  years,AGEGROUP_YEARS18-PLUS,21.17,19.58,22.81,21.2 [19.6-22.8],EU,Europe,EST,Estonia,2014,All,Age_all,[All],8250.0,53.32902392,627.59357801
NCD_BMI_30A,"Prevalence of obesity among adults, BMI &GreaterEqual; 30 (age-standardized estimate) (%)",numeric,EUR,Europe,Country,Poland,Year,2014,False,Sex,SEX_FMLE,Age Group,18+  years,AGEGROUP_YEARS18-PLUS,21.23,19.74,22.75,21.2 [19.7-22.7],EU,Europe,POL,Poland,2014,Female,Age_all,[All],90917.0,50.32046315,463.65681654
NCD_BMI_30A,"Prevalence of obesity among adults, BMI &GreaterEqual; 30 (age-standardized estimate) (%)",numeric,EUR,Europe,Country,Latvia,Year,2014,False,Sex,SEX_MLE,Age Group,18+  years,AGEGROUP_YEARS18-PLUS,21.3,17.11,25.71,21.3 [17.1-25.7],EU,Europe,LVA,Latvia,2014,Male,Age_all,[All],6699.0,49.41358708,732.83114144
NCD_BMI_30A,"Prevalence of obesity among adults, BMI &GreaterEqual; 30 (age-standardized estimate) (%)",numeric,AMR,Americas,Country,Guatemala,Year,2014,False,Sex,SEX_BTSX,Age Group,18+  years,AGEGROUP_YEARS18-PLUS,21.33,19.78,22.86,21.3 [19.8-22.9],CSA,Central and South America,GTM,Guatemala,2014,All,Age_all,[All],12864.0,16.53321681,80.7875987
NCD_BMI_30A,"Prevalence of obesity among adults, BMI &GreaterEqual; 30 (age-standardized estimate) (%)",numeric,EUR,Europe,Country,Israel,Year,2014,False,Sex,SEX_MLE,Age Group,18+  years,AGEGROUP_YEARS18-PLUS,21.45,19.21,23.6,21.4 [19.2-23.6],AS,Asia,ISR,Israel,2014,Male,Age_all,[All],4826.0,22.95471842,118.5670878
NCD_BMI_30A,"Prevalence of obesity among adults, BMI &GreaterEqual; 30 (age-standardized estimate) (%)",numeric,EUR,Europe,Country,Kyrgyzstan,Year,2014,False,Sex,SEX_BTSX,Age Group,18+  years,AGEGROUP_YEARS18-PLUS,21.42,19.21,23.74,21.4 [19.2-23.7],AS,Asia,KGZ,Kyrgyzstan,2014,All,Age_all,[All],17909.0,50.37551686,306.88082009
NCD_BMI_30A,"Prevalence of obesity among adults, BMI &GreaterEqual; 30 (age-standardized estimate) (%)",numeric,AMR,Americas,Country,Ecuador,Year,2014,False,Sex,SEX_BTSX,Age Group,18+  years,AGEGROUP_YEARS18-PLUS,21.43,20.23,22.6,21.4 [20.2-22.6],CSA,Central and South America,ECU,Ecuador,2014,All,Age_all,[All],14536.0,23.0799765,91.1242841
NCD_BMI_30A,"Prevalence of obesity among adults, BMI &GreaterEqual; 30 (age-standardized estimate) (%)",numeric,EUR,Europe,Country,Cyprus,Year,2014,False,Sex,SEX_BTSX,Age Group,18+  years,AGEGROUP_YEARS18-PLUS,21.79,17.73,26.19,21.8 [17.7-26.2],AS,Asia,CYP,Cyprus,2014,All,Age_all,[All],1935.0,34.93410363,226.80228701
NCD_BMI_30A,"Prevalence of obesity among adults, BMI &GreaterEqual; 30 (age-standardized estimate) (%)",numeric,EUR,Europe,Country,Slovakia,Year,2014,False,Sex,SEX_BTSX,Age Group,18+  years,AGEGROUP_YEARS18-PLUS,21.87,19.76,24.07,21.9 [19.8-24.1],EU,Europe,SVK,Slovakia,2014,All,Age_all,[All],22889.0,44.57882949,422.41156421
NCD_BMI_30A,"Prevalence of obesity among adults, BMI &GreaterEqual; 30 (age-standardized estimate) (%)",numeric,EUR,Europe,Country,Germany,Year,2014,False,Sex,SEX_MLE,Age Group,18+  years,AGEGROUP_YEARS18-PLUS,21.95,20.08,23.85,22.0 [20.1-23.9],EU,Europe,DEU,Germany,2014,Male,Age_all,[All],148538.0,35.17998783,374.18558308
NCD_BMI_30A,"Prevalence of obesity among adults, BMI &GreaterEqual; 30 (age-standardized estimate) (%)",numeric,EUR,Europe,Country,Israel,Year,2014,False,Sex,SEX_BTSX,Age Group,18+  years,AGEGROUP_YEARS18-PLUS,22.0,20.41,23.6,22.0 [20.4-23.6],AS,Asia,ISR,Israel,2014,All,Age_all,[All],10088.0,23.92221959,122.78977929
NCD_BMI_30A,"Prevalence of obesity among adults, BMI &GreaterEqual; 30 (age-standardized estimate) (%)",numeric,EUR,Europe,Country,Latvia,Year,2014,False,Sex,SEX_BTSX,Age Group,18+  years,AGEGROUP_YEARS18-PLUS,22.2,19.48,25.17,22.2 [19.5-25.2],EU,Europe,LVA,Latvia,2014,All,Age_all,[All],16071.0,56.98734087,806.05602819
NCD_BMI_30A,"Prevalence of obesity among adults, BMI &GreaterEqual; 30 (age-standardized estimate) (%)",numeric,EMR,Eastern Mediterranean,Country,Oman,Year,2014,False,Sex,SEX_MLE,Age Group,18+  years,AGEGROUP_YEARS18-PLUS,22.2,19.56,24.88,22.2 [19.6-24.9],AS,Asia,OMN,Oman,2014,Male,Age_all,[All],1112.0,22.49645964,43.10393281
NCD_BMI_30A,"Prevalence of obesity among adults, BMI &GreaterEqual; 30 (age-standardized estimate) (%)",numeric,EUR,Europe,Country,Ukraine,Year,2014,False,Sex,SEX_BTSX,Age Group,18+  years,AGEGROUP_YEARS18-PLUS,22.17,19.85,24.65,22.2 [19.9-24.6],EU,Europe,UKR,Ukraine,2014,All,Age_all,[All],425607.0,67.31135418,993.67588003
NCD_BMI_30A,"Prevalence of obesity among adults, BMI &GreaterEqual; 30 (age-standardized estimate) (%)",numeric,EUR,Europe,Country,Latvia,Year,2014,False,Sex,SEX_FMLE,Age Group,18+  years,AGEGROUP_YEARS18-PLUS,22.29,18.59,26.26,22.3 [18.6-26.3],EU,Europe,LVA,Latvia,2014,Female,Age_all,[All],9372.0,63.9989074,868.05426914
NCD_BMI_30A,"Prevalence of obesity among adults, BMI &GreaterEqual; 30 (age-standardized estimate) (%)",numeric,AMR,Americas,Country,Panama,Year,2014,False,Sex,SEX_MLE,Age Group,18+  years,AGEGROUP_YEARS18-PLUS,22.43,19.72,25.32,22.4 [19.7-25.3],CSA,Central and South America,PAN,Panama,2014,Male,Age_all,[All],2883.0,27.60965332,147.28909892
NCD_BMI_30A,"Prevalence of obesity among adults, BMI &GreaterEqual; 30 (age-standardized estimate) (%)",numeric,AFR,Africa,Country,Mauritius,Year,2014,False,Sex,SEX_FMLE,Age Group,18+  years,AGEGROUP_YEARS18-PLUS,22.42,20.07,24.85,22.4 [20.1-24.8],AF,Africa,MUS,Mauritius,2014,Female,Age_all,[All],1408.0,33.2232185,228.6486346
NCD_BMI_30A,"Prevalence of obesity among adults, BMI &GreaterEqual; 30 (age-standardized estimate) (%)",numeric,EUR,Europe,Country,Israel,Year,2014,False,Sex,SEX_FMLE,Age Group,18+  years,AGEGROUP_YEARS18-PLUS,22.42,20.25,24.75,22.4 [20.2-24.7],AS,Asia,ISR,Israel,2014,Female,Age_all,[All],5262.0,24.88413884,126.93594143
NCD_BMI_30A,"Prevalence of obesity among adults, BMI &GreaterEqual; 30 (age-standardized estimate) (%)",numeric,EUR,Europe,Country,TÃ¼rkiye,Year,2014,False,Sex,SEX_MLE,Age Group,18+  years,AGEGROUP_YEARS18-PLUS,22.54,20.85,24.37,22.5 [20.9-24.4],AS,Asia,TUR,T?rkiye,2014,Male,Age_all,[All],75604.0,36.19910369,195.21374141
NCD_BMI_30A,"Prevalence of obesity among adults, BMI &GreaterEqual; 30 (age-standardized estimate) (%)",numeric,EUR,Europe,Country,Czechia,Year,2014,False,Sex,SEX_BTSX,Age Group,18+  years,AGEGROUP_YEARS18-PLUS,22.55,21.23,23.92,22.6 [21.2-23.9],EU,Europe,CZE,Czechia,2014,All,Age_all,[All],48627.0,46.01996877,462.02377759
NCD_BMI_30A,"Prevalence of obesity among adults, BMI &GreaterEqual; 30 (age-standardized estimate) (%)",numeric,AMR,Americas,Country,Guyana,Year,2014,False,Sex,SEX_BTSX,Age Group,18+  years,AGEGROUP_YEARS18-PLUS,22.73,20.71,24.91,22.7 [20.7-24.9],CSA,Central and South America,GUY,Guyana,2014,All,Age_all,[All],1989.0,35.85722012,260.55175666
NCD_BMI_30A,"Prevalence of obesity among adults, BMI &GreaterEqual; 30 (age-standardized estimate) (%)",numeric,EUR,Europe,Country,Russian Federation,Year,2014,False,Sex,SEX_BTSX,Age Group,18+  years,AGEGROUP_YEARS18-PLUS,22.67,21.24,24.17,22.7 [21.2-24.2],EU,Europe,RUS,Russian Federation,2014,All,Age_all,[All],940489.0,50.07824651,655.36109449
NCD_BMI_30A,"Prevalence of obesity among adults, BMI &GreaterEqual; 30 (age-standardized estimate) (%)",numeric,EUR,Europe,Country,Croatia,Year,2014,False,Sex,SEX_FMLE,Age Group,18+  years,AGEGROUP_YEARS18-PLUS,22.94,20.73,25.3,22.9 [20.7-25.3],EU,Europe,HRV,Croatia,2014,Female,Age_all,[All],13800.0,53.3353946,629.39321022
NCD_BMI_30A,"Prevalence of obesity among adults, BMI &GreaterEqual; 30 (age-standardized estimate) (%)",numeric,EUR,Europe,Country,Uzbekistan,Year,2014,False,Sex,SEX_BTSX,Age Group,18+  years,AGEGROUP_YEARS18-PLUS,22.87,21.3,24.42,22.9 [21.3-24.4],AS,Asia,UZB,Uzbekistan,2014,All,Age_all,[All],90857.0,60.66799768,295.39624736
NCD_BMI_30A,"Prevalence of obesity among adults, BMI &GreaterEqual; 30 (age-standardized estimate) (%)",numeric,AMR,Americas,Country,Venezuela (Bolivarian Republic of),Year,2014,False,Sex,SEX_BTSX,Age Group,18+  years,AGEGROUP_YEARS18-PLUS,22.9,21.33,24.53,22.9 [21.3-24.5],CSA,Central and South America,VEN,Venezuela (Bolivarian Republic of),2014,All,Age_all,[All],50521.0,31.1617579,168.16247982
NCD_BMI_30A,"Prevalence of obesity among adults, BMI &GreaterEqual; 30 (age-standardized estimate) (%)",numeric,EUR,Europe,Country,Lithuania,Year,2014,False,Sex,SEX_FMLE,Age Group,18+  years,AGEGROUP_YEARS18-PLUS,23.02,18.87,27.57,23.0 [18.9-27.6],EU,Europe,LTU,Lithuania,2014,Female,Age_all,[All],13072.0,64.89921557,826.69245232
NCD_BMI_30A,"Prevalence of obesity among adults, BMI &GreaterEqual; 30 (age-standardized estimate) (%)",numeric,EUR,Europe,Country,Republic of Moldova,Year,2014,False,Sex,SEX_BTSX,Age Group,18+  years,AGEGROUP_YEARS18-PLUS,22.99,21.25,24.8,23.0 [21.2-24.8],EU,Europe,MDA,Republic of Moldova,2014,All,Age_all,[All],22850.0,57.85688965,642.50419737
NCD_BMI_30A,"Prevalence of obesity among adults, BMI &GreaterEqual; 30 (age-standardized estimate) (%)",numeric,EUR,Europe,Country,Lithuania,Year,2014,False,Sex,SEX_MLE,Age Group,18+  years,AGEGROUP_YEARS18-PLUS,23.13,18.4,28.15,23.1 [18.4-28.2],EU,Europe,LTU,Lithuania,2014,Male,Age_all,[All],9451.0,46.99651914,699.49064706
NCD_BMI_30A,"Prevalence of obesity among adults, BMI &GreaterEqual; 30 (age-standardized estimate) (%)",numeric,AMR,Americas,Country,Paraguay,Year,2014,False,Sex,SEX_MLE,Age Group,18+  years,AGEGROUP_YEARS18-PLUS,23.23,18.74,27.87,23.2 [18.7-27.9],CSA,Central and South America,PRY,Paraguay,2014,Male,Age_all,[All],3608.0,23.73215813,107.42859185
NCD_BMI_30A,"Prevalence of obesity among adults, BMI &GreaterEqual; 30 (age-standardized estimate) (%)",numeric,EUR,Europe,Country,Poland,Year,2014,False,Sex,SEX_BTSX,Age Group,18+  years,AGEGROUP_YEARS18-PLUS,23.17,22.0,24.36,23.2 [22.0-24.4],EU,Europe,POL,Poland,2014,All,Age_all,[All],169734.0,45.08602348,446.59609599
NCD_BMI_30A,"Prevalence of obesity among adults, BMI &GreaterEqual; 30 (age-standardized estimate) (%)",numeric,EUR,Europe,Country,Romania,Year,2014,False,Sex,SEX_FMLE,Age Group,18+  years,AGEGROUP_YEARS18-PLUS,23.28,21.21,25.46,23.3 [21.2-25.5],EU,Europe,ROU,Romania,2014,Female,Age_all,[All],80190.0,65.85474016,787.24210311
NCD_BMI_30A,"Prevalence of obesity among adults, BMI &GreaterEqual; 30 (age-standardized estimate) (%)",numeric,AMR,Americas,Country,Nicaragua,Year,2014,False,Sex,SEX_MLE,Age Group,18+  years,AGEGROUP_YEARS18-PLUS,23.4,15.89,32.02,23.4 [15.9-32.0],CSA,Central and South America,NIC,Nicaragua,2014,Male,Age_all,[All],3143.0,24.91873464,103.82644895
NCD_BMI_30A,"Prevalence of obesity among adults, BMI &GreaterEqual; 30 (age-standardized estimate) (%)",numeric,WPR,Western Pacific,Country,Brunei Darussalam,Year,2014,False,Sex,SEX_MLE,Age Group,18+  years,AGEGROUP_YEARS18-PLUS,23.35,20.14,26.77,23.4 [20.1-26.8],AS,Asia,BRN,Brunei Darussalam,2014,Male,Age_all,[All],263.0,31.57262905,123.46142652
NCD_BMI_30A,"Prevalence of obesity among adults, BMI &GreaterEqual; 30 (age-standardized estimate) (%)",numeric,EUR,Europe,Country,Lithuania,Year,2014,False,Sex,SEX_BTSX,Age Group,18+  years,AGEGROUP_YEARS18-PLUS,23.44,20.19,26.79,23.4 [20.2-26.8],EU,Europe,LTU,Lithuania,2014,All,Age_all,[All],22523.0,55.9549836,768.08257629
NCD_BMI_30A,"Prevalence of obesity among adults, BMI &GreaterEqual; 30 (age-standardized estimate) (%)",numeric,AMR,Americas,Country,Dominican Republic,Year,2014,False,Sex,SEX_BTSX,Age Group,18+  years,AGEGROUP_YEARS18-PLUS,23.62,22.01,25.16,23.6 [22.0-25.2],NAC,North America and the Caribbean,DOM,Dominican Republic,2014,All,Age_all,[All],11592.0,25.79783683,114.03631396
NCD_BMI_30A,"Prevalence of obesity among adults, BMI &GreaterEqual; 30 (age-standardized estimate) (%)",numeric,EUR,Europe,Country,Cyprus,Year,2014,False,Sex,SEX_MLE,Age Group,18+  years,AGEGROUP_YEARS18-PLUS,23.67,17.48,30.4,23.7 [17.5-30.4],AS,Asia,CYP,Cyprus,2014,Male,Age_all,[All],992.0,34.007542,239.40130368
NCD_BMI_30A,"Prevalence of obesity among adults, BMI &GreaterEqual; 30 (age-standardized estimate) (%)",numeric,EUR,Europe,Country,Slovakia,Year,2014,False,Sex,SEX_MLE,Age Group,18+  years,AGEGROUP_YEARS18-PLUS,23.75,20.6,27.12,23.7 [20.6-27.1],EU,Europe,SVK,Slovakia,2014,Male,Age_all,[All],10540.0,39.77658691,399.13749946
NCD_BMI_30A,"Prevalence of obesity among adults, BMI &GreaterEqual; 30 (age-standardized estimate) (%)",numeric,EUR,Europe,Country,Belarus,Year,2014,False,Sex,SEX_FMLE,Age Group,18+  years,AGEGROUP_YEARS18-PLUS,23.75,20.85,26.83,23.7 [20.8-26.8],EU,Europe,BLR,Belarus,2014,Female,Age_all,[All],34802.0,57.74540386,686.52381874
NCD_BMI_30A,"Prevalence of obesity among adults, BMI &GreaterEqual; 30 (age-standardized estimate) (%)",numeric,EUR,Europe,Country,Kyrgyzstan,Year,2014,False,Sex,SEX_FMLE,Age Group,18+  years,AGEGROUP_YEARS18-PLUS,23.7,20.96,26.4,23.7 [21.0-26.4],AS,Asia,KGZ,Kyrgyzstan,2014,Female,Age_all,[All],8738.0,56.21100032,296.29800431
NCD_BMI_30A,"Prevalence of obesity among adults, BMI &GreaterEqual; 30 (age-standardized estimate) (%)",numeric,AMR,Americas,Country,Colombia,Year,2014,False,Sex,SEX_FMLE,Age Group,18+  years,AGEGROUP_YEARS18-PLUS,23.84,22.23,25.43,23.8 [22.2-25.4],CSA,Central and South America,COL,Colombia,2014,Female,Age_all,[All],32052.0,34.22567246,133.80270872
NCD_BMI_30A,"Prevalence of obesity among adults, BMI &GreaterEqual; 30 (age-standardized estimate) (%)",numeric,AMR,Americas,Country,Uruguay,Year,2014,False,Sex,SEX_MLE,Age Group,18+  years,AGEGROUP_YEARS18-PLUS,23.91,20.68,27.23,23.9 [20.7-27.2],CSA,Central and South America,URY,Uruguay,2014,Male,Age_all,[All],4040.0,24.69135802,246.39314588
NCD_BMI_30A,"Prevalence of obesity among adults, BMI &GreaterEqual; 30 (age-standardized estimate) (%)",numeric,AMR,Americas,Country,Suriname,Year,2014,False,Sex,SEX_BTSX,Age Group,18+  years,AGEGROUP_YEARS18-PLUS,23.96,19.6,28.51,24.0 [19.6-28.5],CSA,Central and South America,SUR,Suriname,2014,All,Age_all,[All],926.0,29.3968254,167.36764671
NCD_BMI_30A,"Prevalence of obesity among adults, BMI &GreaterEqual; 30 (age-standardized estimate) (%)",numeric,AMR,Americas,Country,Brazil,Year,2014,False,Sex,SEX_FMLE,Age Group,18+  years,AGEGROUP_YEARS18-PLUS,23.97,22.72,25.25,24.0 [22.7-25.2],CSA,Central and South America,BRA,Brazil,2014,Female,Age_all,[All],161956.0,30.42215635,157.37941908
NCD_BMI_30A,"Prevalence of obesity among adults, BMI &GreaterEqual; 30 (age-standardized estimate) (%)",numeric,AMR,Americas,Country,Canada,Year,2014,False,Sex,SEX_FMLE,Age Group,18+  years,AGEGROUP_YEARS18-PLUS,24.13,22.55,25.69,24.1 [22.5-25.7],NAC,North America and the Caribbean,CAN,Canada,2014,Female,Age_all,[All],34473.0,26.91941278,191.73807088
NCD_BMI_30A,"Prevalence of obesity among adults, BMI &GreaterEqual; 30 (age-standardized estimate) (%)",numeric,AMR,Americas,Country,Peru,Year,2014,False,Sex,SEX_FMLE,Age Group,18+  years,AGEGROUP_YEARS18-PLUS,24.09,23.16,24.98,24.1 [23.2-25.0],CSA,Central and South America,PER,Peru,2014,Female,Age_all,[All],8649.0,19.36025429,57.13725506
NCD_BMI_30A,"Prevalence of obesity among adults, BMI &GreaterEqual; 30 (age-standardized estimate) (%)",numeric,EUR,Europe,Country,Romania,Year,2014,False,Sex,SEX_BTSX,Age Group,18+  years,AGEGROUP_YEARS18-PLUS,24.16,22.59,25.77,24.2 [22.6-25.8],EU,Europe,ROU,Romania,2014,All,Age_all,[All],149137.0,58.49312651,748.81312941
NCD_BMI_30A,"Prevalence of obesity among adults, BMI &GreaterEqual; 30 (age-standardized estimate) (%)",numeric,EUR,Europe,Country,United Kingdom of Great Britain and Northern Ireland,Year,2014,False,Sex,SEX_MLE,Age Group,18+  years,AGEGROUP_YEARS18-PLUS,24.34,23.46,25.25,24.3 [23.5-25.3],EU,Europe,GBR,United Kingdom of Great Britain and Northern Ireland,2014,Male,Age_all,[All],78243.0,28.0989747,246.09552216
NCD_BMI_30A,"Prevalence of obesity among adults, BMI &GreaterEqual; 30 (age-standardized estimate) (%)",numeric,EUR,Europe,Country,Croatia,Year,2014,False,Sex,SEX_BTSX,Age Group,18+  years,AGEGROUP_YEARS18-PLUS,24.37,22.64,26.17,24.4 [22.6-26.2],EU,Europe,HRV,Croatia,2014,All,Age_all,[All],24112.0,47.42815555,568.8953987
NCD_BMI_30A,"Prevalence of obesity among adults, BMI &GreaterEqual; 30 (age-standardized estimate) (%)",numeric,EUR,Europe,Country,Ireland,Year,2014,False,Sex,SEX_FMLE,Age Group,18+  years,AGEGROUP_YEARS18-PLUS,24.49,21.92,27.15,24.5 [21.9-27.2],EU,Europe,IRL,Ireland,2014,Female,Age_all,[All],4404.0,30.67920585,188.4930231
NCD_BMI_30A,"Prevalence of obesity among adults, BMI &GreaterEqual; 30 (age-standardized estimate) (%)",numeric,EUR,Europe,Country,Czechia,Year,2014,False,Sex,SEX_MLE,Age Group,18+  years,AGEGROUP_YEARS18-PLUS,24.46,22.54,26.52,24.5 [22.5-26.5],EU,Europe,CZE,Czechia,2014,Male,Age_all,[All],22489.0,41.84778563,435.06219403
NCD_BMI_30A,"Prevalence of obesity among adults, BMI &GreaterEqual; 30 (age-standardized estimate) (%)",numeric,EUR,Europe,Country,Hungary,Year,2014,False,Sex,SEX_FMLE,Age Group,18+  years,AGEGROUP_YEARS18-PLUS,24.56,22.38,26.77,24.6 [22.4-26.8],EU,Europe,HUN,Hungary,2014,Female,Age_all,[All],35144.0,54.64270166,680.1779719
NCD_BMI_30A,"Prevalence of obesity among adults, BMI &GreaterEqual; 30 (age-standardized estimate) (%)",numeric,AMR,Americas,Country,Venezuela (Bolivarian Republic of),Year,2014,False,Sex,SEX_FMLE,Age Group,18+  years,AGEGROUP_YEARS18-PLUS,24.65,22.55,26.78,24.6 [22.5-26.8],CSA,Central and South America,VEN,Venezuela (Bolivarian Republic of),2014,Female,Age_all,[All],22355.0,34.69980132,148.14880595
NCD_BMI_30A,"Prevalence of obesity among adults, BMI &GreaterEqual; 30 (age-standardized estimate) (%)",numeric,EUR,Europe,Country,Romania,Year,2014,False,Sex,SEX_MLE,Age Group,18+  years,AGEGROUP_YEARS18-PLUS,24.75,22.38,27.19,24.7 [22.4-27.2],EU,Europe,ROU,Romania,2014,Male,Age_all,[All],68947.0,51.76317785,708.5834723
NCD_BMI_30A,"Prevalence of obesity among adults, BMI &GreaterEqual; 30 (age-standardized estimate) (%)",numeric,EUR,Europe,Country,Poland,Year,2014,False,Sex,SEX_MLE,Age Group,18+  years,AGEGROUP_YEARS18-PLUS,24.81,23.02,26.63,24.8 [23.0-26.6],EU,Europe,POL,Poland,2014,Male,Age_all,[All],78817.0,40.2556808,428.41216754
NCD_BMI_30A,"Prevalence of obesity among adults, BMI &GreaterEqual; 30 (age-standardized estimate) (%)",numeric,WPR,Western Pacific,Country,Brunei Darussalam,Year,2014,False,Sex,SEX_BTSX,Age Group,18+  years,AGEGROUP_YEARS18-PLUS,24.89,22.58,27.32,24.9 [22.6-27.3],AS,Asia,BRN,Brunei Darussalam,2014,All,Age_all,[All],408.0,27.75510204,99.56829336
NCD_BMI_30A,"Prevalence of obesity among adults, BMI &GreaterEqual; 30 (age-standardized estimate) (%)",numeric,EUR,Europe,Country,Greece,Year,2014,False,Sex,SEX_MLE,Age Group,18+  years,AGEGROUP_YEARS18-PLUS,24.94,22.74,27.15,24.9 [22.7-27.1],EU,Europe,GRC,Greece,2014,Male,Age_all,[All],21347.0,36.46192737,403.47418357
NCD_BMI_30A,"Prevalence of obesity among adults, BMI &GreaterEqual; 30 (age-standardized estimate) (%)",numeric,EUR,Europe,Country,Russian Federation,Year,2014,False,Sex,SEX_FMLE,Age Group,18+  years,AGEGROUP_YEARS18-PLUS,25.03,23.11,27.1,25.0 [23.1-27.1],EU,Europe,RUS,Russian Federation,2014,Female,Age_all,[All],509590.0,55.42853538,661.31745171
NCD_BMI_30A,"Prevalence of obesity among adults, BMI &GreaterEqual; 30 (age-standardized estimate) (%)",numeric,AMR,Americas,Country,Canada,Year,2014,False,Sex,SEX_BTSX,Age Group,18+  years,AGEGROUP_YEARS18-PLUS,24.97,23.81,26.15,25.0 [23.8-26.2],NAC,North America and the Caribbean,CAN,Canada,2014,All,Age_all,[All],69583.0,26.88460364,195.1052672
NCD_BMI_30A,"Prevalence of obesity among adults, BMI &GreaterEqual; 30 (age-standardized estimate) (%)",numeric,AMR,Americas,Country,Grenada,Year,2014,False,Sex,SEX_BTSX,Age Group,18+  years,AGEGROUP_YEARS18-PLUS,25.11,21.77,28.6,25.1 [21.8-28.6],NAC,North America and the Caribbean,GRD,Grenada,2014,All,Age_all,[All],354.0,36.7219917,325.06290059
NCD_BMI_30A,"Prevalence of obesity among adults, BMI &GreaterEqual; 30 (age-standardized estimate) (%)",numeric,EUR,Europe,Country,Greece,Year,2014,False,Sex,SEX_BTSX,Age Group,18+  years,AGEGROUP_YEARS18-PLUS,25.25,23.66,26.81,25.2 [23.7-26.8],EU,Europe,GRC,Greece,2014,All,Age_all,[All],45147.0,39.69315984,414.48283656
NCD_BMI_30A,"Prevalence of obesity among adults, BMI &GreaterEqual; 30 (age-standardized estimate) (%)",numeric,EUR,Europe,Country,United Kingdom of Great Britain and Northern Ireland,Year,2014,False,Sex,SEX_BTSX,Age Group,18+  years,AGEGROUP_YEARS18-PLUS,25.16,24.54,25.8,25.2 [24.5-25.8],EU,Europe,GBR,United Kingdom of Great Britain and Northern Ireland,2014,All,Age_all,[All],154645.0,27.11448064,239.40058163
NCD_BMI_30A,"Prevalence of obesity among adults, BMI &GreaterEqual; 30 (age-standardized estimate) (%)",numeric,EUR,Europe,Country,Croatia,Year,2014,False,Sex,SEX_MLE,Age Group,18+  years,AGEGROUP_YEARS18-PLUS,25.4,22.77,28.15,25.4 [22.8-28.2],EU,Europe,HRV,Croatia,2014,Male,Age_all,[All],10312.0,41.30582816,504.05684619
NCD_BMI_30A,"Prevalence of obesity among adults, BMI &GreaterEqual; 30 (age-standardized estimate) (%)",numeric,EUR,Europe,Country,Greece,Year,2014,False,Sex,SEX_FMLE,Age Group,18+  years,AGEGROUP_YEARS18-PLUS,25.37,23.29,27.45,25.4 [23.3-27.5],EU,Europe,GRC,Greece,2014,Female,Age_all,[All],23800.0,43.12062905,424.88072991
NCD_BMI_30A,"Prevalence of obesity among adults, BMI &GreaterEqual; 30 (age-standardized estimate) (%)",numeric,EUR,Europe,Country,Georgia,Year,2014,False,Sex,SEX_MLE,Age Group,18+  years,AGEGROUP_YEARS18-PLUS,25.51,22.46,28.78,25.5 [22.5-28.8],AS,Asia,GEO,Georgia,2014,Male,Age_all,[All],9680.0,38.95215484,544.83030337
NCD_BMI_30A,"Prevalence of obesity among adults, BMI &GreaterEqual; 30 (age-standardized estimate) (%)",numeric,EUR,Europe,Country,Ireland,Year,2014,False,Sex,SEX_BTSX,Age Group,18+  years,AGEGROUP_YEARS18-PLUS,25.66,23.82,27.53,25.7 [23.8-27.5],EU,Europe,IRL,Ireland,2014,All,Age_all,[All],8852.0,30.26117872,191.31831547
NCD_BMI_30A,"Prevalence of obesity among adults, BMI &GreaterEqual; 30 (age-standardized estimate) (%)",numeric,AMR,Americas,Country,Guatemala,Year,2014,False,Sex,SEX_FMLE,Age Group,18+  years,AGEGROUP_YEARS18-PLUS,25.73,24.09,27.39,25.7 [24.1-27.4],CSA,Central and South America,GTM,Guatemala,2014,Female,Age_all,[All],6360.0,18.70753302,78.59052102
NCD_BMI_30A,"Prevalence of obesity among adults, BMI &GreaterEqual; 30 (age-standardized estimate) (%)",numeric,AFR,Africa,Country,Seychelles,Year,2014,False,Sex,SEX_BTSX,Age Group,18+  years,AGEGROUP_YEARS18-PLUS,25.83,23.15,28.57,25.8 [23.1-28.6],AF,Africa,SYC,Seychelles,2014,All,Age_all,[All],202.0,27.86206897,221.10574765
NCD_BMI_30A,"Prevalence of obesity among adults, BMI &GreaterEqual; 30 (age-standardized estimate) (%)",numeric,AMR,Americas,Country,Canada,Year,2014,False,Sex,SEX_MLE,Age Group,18+  years,AGEGROUP_YEARS18-PLUS,25.8,24.16,27.49,25.8 [24.2-27.5],NAC,North America and the Caribbean,CAN,Canada,2014,Male,Age_all,[All],35110.0,26.85051353,198.52844676
NCD_BMI_30A,"Prevalence of obesity among adults, BMI &GreaterEqual; 30 (age-standardized estimate) (%)",numeric,EMR,Eastern Mediterranean,Country,Oman,Year,2014,False,Sex,SEX_BTSX,Age Group,18+  years,AGEGROUP_YEARS18-PLUS,25.9,23.93,27.94,25.9 [23.9-27.9],AS,Asia,OMN,Oman,2014,All,Age_all,[All],1826.0,23.35337,45.731253
NCD_BMI_30A,"Prevalence of obesity among adults, BMI &GreaterEqual; 30 (age-standardized estimate) (%)",numeric,EUR,Europe,Country,Ukraine,Year,2014,False,Sex,SEX_FMLE,Age Group,18+  years,AGEGROUP_YEARS18-PLUS,26.01,22.82,29.28,26.0 [22.8-29.3],EU,Europe,UKR,Ukraine,2014,Female,Age_all,[All],242388.0,75.3635445,1053.1469733
NCD_BMI_30A,"Prevalence of obesity among adults, BMI &GreaterEqual; 30 (age-standardized estimate) (%)",numeric,AMR,Americas,Country,Chile,Year,2014,False,Sex,SEX_MLE,Age Group,18+  years,AGEGROUP_YEARS18-PLUS,26.01,23.78,28.26,26.0 [23.8-28.3],CSA,Central and South America,CHL,Chile,2014,Male,Age_all,[All],14177.0,26.26586383,162.21150449
NCD_BMI_30A,"Prevalence of obesity among adults, BMI &GreaterEqual; 30 (age-standardized estimate) (%)",numeric,AMR,Americas,Country,Mexico,Year,2014,False,Sex,SEX_MLE,Age Group,18+  years,AGEGROUP_YEARS18-PLUS,25.97,24.65,27.34,26.0 [24.6-27.3],CSA,Central and South America,MEX,Mexico,2014,Male,Age_all,[All],79910.0,23.31348483,135.75398436
NCD_BMI_30A,"Prevalence of obesity among adults, BMI &GreaterEqual; 30 (age-standardized estimate) (%)",numeric,EUR,Europe,Country,United Kingdom of Great Britain and Northern Ireland,Year,2014,False,Sex,SEX_FMLE,Age Group,18+  years,AGEGROUP_YEARS18-PLUS,25.97,25.09,26.89,26.0 [25.1-26.9],EU,Europe,GBR,United Kingdom of Great Britain and Northern Ireland,2014,Female,Age_all,[All],76402.0,26.17528761,232.91162394
NCD_BMI_30A,"Prevalence of obesity among adults, BMI &GreaterEqual; 30 (age-standardized estimate) (%)",numeric,WPR,Western Pacific,Country,Australia,Year,2014,False,Sex,SEX_FMLE,Age Group,18+  years,AGEGROUP_YEARS18-PLUS,26.14,24.51,27.83,26.1 [24.5-27.8],OA,Oceania,AUS,Australia,2014,Female,Age_all,[All],23416.0,31.12215739,198.02539522
NCD_BMI_30A,"Prevalence of obesity among adults, BMI &GreaterEqual; 30 (age-standardized estimate) (%)",numeric,EUR,Europe,Country,Republic of Moldova,Year,2014,False,Sex,SEX_FMLE,Age Group,18+  years,AGEGROUP_YEARS18-PLUS,26.16,23.8,28.45,26.2 [23.8-28.4],EU,Europe,MDA,Republic of Moldova,2014,Female,Age_all,[All],12583.0,66.61901737,681.812517
NCD_BMI_30A,"Prevalence of obesity among adults, BMI &GreaterEqual; 30 (age-standardized estimate) (%)",numeric,EUR,Europe,Country,Armenia,Year,2014,False,Sex,SEX_FMLE,Age Group,18+  years,AGEGROUP_YEARS18-PLUS,26.23,23.87,28.58,26.2 [23.9-28.6],AS,Asia,ARM,Armenia,2014,Female,Age_all,[All],6845.0,50.72248981,435.28968863
NCD_BMI_30A,"Prevalence of obesity among adults, BMI &GreaterEqual; 30 (age-standardized estimate) (%)",numeric,AMR,Americas,Country,Costa Rica,Year,2014,False,Sex,SEX_BTSX,Age Group,18+  years,AGEGROUP_YEARS18-PLUS,26.17,24.56,27.8,26.2 [24.6-27.8],CSA,Central and South America,CRI,Costa Rica,2014,All,Age_all,[All],5968.0,29.41350419,124.45270422
NCD_BMI_30A,"Prevalence of obesity among adults, BMI &GreaterEqual; 30 (age-standardized estimate) (%)",numeric,AMR,Americas,Country,Paraguay,Year,2014,False,Sex,SEX_BTSX,Age Group,18+  years,AGEGROUP_YEARS18-PLUS,26.33,23.2,29.6,26.3 [23.2-29.6],CSA,Central and South America,PRY,Paraguay,2014,All,Age_all,[All],6779.0,25.13067655,102.71949834
NCD_BMI_30A,"Prevalence of obesity among adults, BMI &GreaterEqual; 30 (age-standardized estimate) (%)",numeric,AMR,Americas,Country,El Salvador,Year,2014,False,Sex,SEX_BTSX,Age Group,18+  years,AGEGROUP_YEARS18-PLUS,26.42,24.24,28.74,26.4 [24.2-28.7],CSA,Central and South America,SLV,El Salvador,2014,All,Age_all,[All],5809.0,15.50141431,92.27771064
NCD_BMI_30A,"Prevalence of obesity among adults, BMI &GreaterEqual; 30 (age-standardized estimate) (%)",numeric,EUR,Europe,Country,Uzbekistan,Year,2014,False,Sex,SEX_FMLE,Age Group,18+  years,AGEGROUP_YEARS18-PLUS,26.44,24.32,28.56,26.4 [24.3-28.6],AS,Asia,UZB,Uzbekistan,2014,Female,Age_all,[All],43442.0,63.60841045,283.14215709
NCD_BMI_30A,"Prevalence of obesity among adults, BMI &GreaterEqual; 30 (age-standardized estimate) (%)",numeric,EUR,Europe,Country,Hungary,Year,2014,False,Sex,SEX_BTSX,Age Group,18+  years,AGEGROUP_YEARS18-PLUS,26.39,24.74,28.05,26.4 [24.7-28.1],EU,Europe,HUN,Hungary,2014,All,Age_all,[All],62786.0,49.7086487,636.35740774
NCD_BMI_30A,"Prevalence of obesity among adults, BMI &GreaterEqual; 30 (age-standardized estimate) (%)",numeric,WPR,Western Pacific,Country,Brunei Darussalam,Year,2014,False,Sex,SEX_FMLE,Age Group,18+  years,AGEGROUP_YEARS18-PLUS,26.54,23.36,29.93,26.5 [23.4-29.9],AS,Asia,BRN,Brunei Darussalam,2014,Female,Age_all,[All],145.0,22.76295133,73.69533839
NCD_BMI_30A,"Prevalence of obesity among adults, BMI &GreaterEqual; 30 (age-standardized estimate) (%)",numeric,AMR,Americas,Country,Uruguay,Year,2014,False,Sex,SEX_BTSX,Age Group,18+  years,AGEGROUP_YEARS18-PLUS,26.54,24.26,28.93,26.5 [24.3-28.9],CSA,Central and South America,URY,Uruguay,2014,All,Age_all,[All],8661.0,26.96282921,254.70263225
NCD_BMI_30A,"Prevalence of obesity among adults, BMI &GreaterEqual; 30 (age-standardized estimate) (%)",numeric,WPR,Western Pacific,Country,Australia,Year,2014,False,Sex,SEX_BTSX,Age Group,18+  years,AGEGROUP_YEARS18-PLUS,26.55,25.39,27.73,26.5 [25.4-27.7],OA,Oceania,AUS,Australia,2014,All,Age_all,[All],45069.0,29.34561792,191.74921454
NCD_BMI_30A,"Prevalence of obesity among adults, BMI &GreaterEqual; 30 (age-standardized estimate) (%)",numeric,AMR,Americas,Country,Ecuador,Year,2014,False,Sex,SEX_FMLE,Age Group,18+  years,AGEGROUP_YEARS18-PLUS,26.64,24.84,28.44,26.6 [24.8-28.4],CSA,Central and South America,ECU,Ecuador,2014,Female,Age_all,[All],6951.0,24.64631422,87.26107557
NCD_BMI_30A,"Prevalence of obesity among adults, BMI &GreaterEqual; 30 (age-standardized estimate) (%)",numeric,EUR,Europe,Country,Ireland,Year,2014,False,Sex,SEX_MLE,Age Group,18+  years,AGEGROUP_YEARS18-PLUS,26.87,24.11,29.73,26.9 [24.1-29.7],EU,Europe,IRL,Ireland,2014,Male,Age_all,[All],4448.0,29.85836074,194.19968163
NCD_BMI_30A,"Prevalence of obesity among adults, BMI &GreaterEqual; 30 (age-standardized estimate) (%)",numeric,WPR,Western Pacific,Country,Australia,Year,2014,False,Sex,SEX_MLE,Age Group,18+  years,AGEGROUP_YEARS18-PLUS,26.94,25.29,28.76,26.9 [25.3-28.8],OA,Oceania,AUS,Australia,2014,Male,Age_all,[All],21653.0,27.63942252,185.39492467
NCD_BMI_30A,"Prevalence of obesity among adults, BMI &GreaterEqual; 30 (age-standardized estimate) (%)",numeric,AMR,Americas,Country,Argentina,Year,2014,False,Sex,SEX_MLE,Age Group,18+  years,AGEGROUP_YEARS18-PLUS,27.04,24.84,29.35,27.0 [24.8-29.3],CSA,Central and South America,ARG,Argentina,2014,Male,Age_all,[All],45031.0,27.09805149,216.80595446
NCD_BMI_30A,"Prevalence of obesity among adults, BMI &GreaterEqual; 30 (age-standardized estimate) (%)",numeric,AMR,Americas,Country,Belize,Year,2014,False,Sex,SEX_MLE,Age Group,18+  years,AGEGROUP_YEARS18-PLUS,27.12,23.77,30.67,27.1 [23.8-30.7],CSA,Central and South America,BLZ,Belize,2014,Male,Age_all,[All],199.0,21.1028632,112.78174183
NCD_BMI_30A,"Prevalence of obesity among adults, BMI &GreaterEqual; 30 (age-standardized estimate) (%)",numeric,EMR,Eastern Mediterranean,Country,Egypt,Year,2014,False,Sex,SEX_MLE,Age Group,18+  years,AGEGROUP_YEARS18-PLUS,27.28,25.14,29.48,27.3 [25.1-29.5],AF,Africa,EGY,Egypt,2014,Male,Age_all,[All],134419.0,45.82783579,303.42502404
NCD_BMI_30A,"Prevalence of obesity among adults, BMI &GreaterEqual; 30 (age-standardized estimate) (%)",numeric,EMR,Eastern Mediterranean,Country,Iran (Islamic Republic of),Year,2014,False,Sex,SEX_FMLE,Age Group,18+  years,AGEGROUP_YEARS18-PLUS,27.26,25.98,28.56,27.3 [26.0-28.6],AS,Asia,IRN,Iran (Islamic Republic of),2014,Female,Age_all,[All],52599.0,45.97613741,137.40033519
NCD_BMI_30A,"Prevalence of obesity among adults, BMI &GreaterEqual; 30 (age-standardized estimate) (%)",numeric,AMR,Americas,Country,Saint Lucia,Year,2014,False,Sex,SEX_BTSX,Age Group,18+  years,AGEGROUP_YEARS18-PLUS,27.47,25.27,29.72,27.5 [25.3-29.7],NAC,North America and the Caribbean,LCA,Saint Lucia,2014,All,Age_all,[All],412.0,31.64362519,231.07641226
NCD_BMI_30A,"Prevalence of obesity among adults, BMI &GreaterEqual; 30 (age-standardized estimate) (%)",numeric,AMR,Americas,Country,Saint Vincent and the Grenadines,Year,2014,False,Sex,SEX_BTSX,Age Group,18+  years,AGEGROUP_YEARS18-PLUS,27.83,25.06,30.65,27.8 [25.1-30.7],NAC,North America and the Caribbean,VCT,Saint Vincent and the Grenadines,2014,All,Age_all,[All],387.0,38.89447236,355.49921459
NCD_BMI_30A,"Prevalence of obesity among adults, BMI &GreaterEqual; 30 (age-standardized estimate) (%)",numeric,AMR,Americas,Country,Jamaica,Year,2014,False,Sex,SEX_BTSX,Age Group,18+  years,AGEGROUP_YEARS18-PLUS,27.81,25.93,29.73,27.8 [25.9-29.7],NAC,North America and the Caribbean,JAM,Jamaica,2014,All,Age_all,[All],6504.0,35.50218341,226.21514995
NCD_BMI_30A,"Prevalence of obesity among adults, BMI &GreaterEqual; 30 (age-standardized estimate) (%)",numeric,EUR,Europe,Country,Hungary,Year,2014,False,Sex,SEX_MLE,Age Group,18+  years,AGEGROUP_YEARS18-PLUS,27.88,25.43,30.43,27.9 [25.4-30.4],EU,Europe,HUN,Hungary,2014,Male,Age_all,[All],27642.0,44.58962447,588.17959458
NCD_BMI_30A,"Prevalence of obesity among adults, BMI &GreaterEqual; 30 (age-standardized estimate) (%)",numeric,AMR,Americas,Country,Argentina,Year,2014,False,Sex,SEX_BTSX,Age Group,18+  years,AGEGROUP_YEARS18-PLUS,27.91,26.43,29.43,27.9 [26.4-29.4],CSA,Central and South America,ARG,Argentina,2014,All,Age_all,[All],91200.0,28.31990312,213.89616294
NCD_BMI_30A,"Prevalence of obesity among adults, BMI &GreaterEqual; 30 (age-standardized estimate) (%)",numeric,AMR,Americas,Country,Antigua and Barbuda,Year,2014,False,Sex,SEX_BTSX,Age Group,18+  years,AGEGROUP_YEARS18-PLUS,28.03,19.89,36.64,28.0 [19.9-36.6],NAC,North America and the Caribbean,ATG,Antigua and Barbuda,2014,All,Age_all,[All],211.0,36.37931034,227.95531644
NCD_BMI_30A,"Prevalence of obesity among adults, BMI &GreaterEqual; 30 (age-standardized estimate) (%)",numeric,EUR,Europe,Country,Malta,Year,2014,False,Sex,SEX_FMLE,Age Group,18+  years,AGEGROUP_YEARS18-PLUS,28.32,24.25,32.57,28.3 [24.3-32.6],EU,Europe,MLT,Malta,2014,Female,Age_all,[All],654.0,40.49535604,305.87332916
NCD_BMI_30A,"Prevalence of obesity among adults, BMI &GreaterEqual; 30 (age-standardized estimate) (%)",numeric,AMR,Americas,Country,Panama,Year,2014,False,Sex,SEX_BTSX,Age Group,18+  years,AGEGROUP_YEARS18-PLUS,28.53,26.48,30.66,28.5 [26.5-30.7],CSA,Central and South America,PAN,Panama,2014,All,Age_all,[All],5070.0,27.90160145,129.95621475
NCD_BMI_30A,"Prevalence of obesity among adults, BMI &GreaterEqual; 30 (age-standardized estimate) (%)",numeric,EMR,Eastern Mediterranean,Country,Bahrain,Year,2014,False,Sex,SEX_MLE,Age Group,18+  years,AGEGROUP_YEARS18-PLUS,28.7,23.59,34.16,28.7 [23.6-34.2],AS,Asia,BHR,Bahrain,2014,Male,Age_all,[All],595.0,36.32478632,73.77676268
NCD_BMI_30A,"Prevalence of obesity among adults, BMI &GreaterEqual; 30 (age-standardized estimate) (%)",numeric,AMR,Americas,Country,Uruguay,Year,2014,False,Sex,SEX_FMLE,Age Group,18+  years,AGEGROUP_YEARS18-PLUS,28.7,25.73,31.93,28.7 [25.7-31.9],CSA,Central and South America,URY,Uruguay,2014,Female,Age_all,[All],4621.0,29.34340869,262.44006218
NCD_BMI_30A,"Prevalence of obesity among adults, BMI &GreaterEqual; 30 (age-standardized estimate) (%)",numeric,AMR,Americas,Country,Argentina,Year,2014,False,Sex,SEX_FMLE,Age Group,18+  years,AGEGROUP_YEARS18-PLUS,28.67,26.64,30.69,28.7 [26.6-30.7],CSA,Central and South America,ARG,Argentina,2014,Female,Age_all,[All],46094.0,29.63805997,210.78941445
NCD_BMI_30A,"Prevalence of obesity among adults, BMI &GreaterEqual; 30 (age-standardized estimate) (%)",numeric,EUR,Europe,Country,Georgia,Year,2014,False,Sex,SEX_BTSX,Age Group,18+  years,AGEGROUP_YEARS18-PLUS,28.72,26.63,30.91,28.7 [26.6-30.9],AS,Asia,GEO,Georgia,2014,All,Age_all,[All],20619.0,42.00501151,553.2331634
NCD_BMI_30A,"Prevalence of obesity among adults, BMI &GreaterEqual; 30 (age-standardized estimate) (%)",numeric,AMR,Americas,Country,Nicaragua,Year,2014,False,Sex,SEX_BTSX,Age Group,18+  years,AGEGROUP_YEARS18-PLUS,28.76,24.62,33.22,28.8 [24.6-33.2],CSA,Central and South America,NIC,Nicaragua,2014,All,Age_all,[All],6365.0,28.35315604,103.61840686
NCD_BMI_30A,"Prevalence of obesity among adults, BMI &GreaterEqual; 30 (age-standardized estimate) (%)",numeric,AMR,Americas,Country,Dominican Republic,Year,2014,False,Sex,SEX_FMLE,Age Group,18+  years,AGEGROUP_YEARS18-PLUS,28.88,26.55,31.33,28.9 [26.6-31.3],NAC,North America and the Caribbean,DOM,Dominican Republic,2014,Female,Age_all,[All],5163.0,28.19462647,101.76093925
NCD_BMI_30A,"Prevalence of obesity among adults, BMI &GreaterEqual; 30 (age-standardized estimate) (%)",numeric,AFR,Africa,Country,South Africa,Year,2014,False,Sex,SEX_BTSX,Age Group,18+  years,AGEGROUP_YEARS18-PLUS,29.02,28.01,30.04,29.0 [28.0-30.0],AF,Africa,ZAF,South Africa,2014,All,Age_all,[All],78258.0,17.26177872,143.47633678
NCD_BMI_30A,"Prevalence of obesity among adults, BMI &GreaterEqual; 30 (age-standardized estimate) (%)",numeric,AMR,Americas,Country,Paraguay,Year,2014,False,Sex,SEX_FMLE,Age Group,18+  years,AGEGROUP_YEARS18-PLUS,29.32,24.94,33.85,29.3 [24.9-33.8],CSA,Central and South America,PRY,Paraguay,2014,Female,Age_all,[All],3171.0,26.95740882,97.83975015
NCD_BMI_30A,"Prevalence of obesity among adults, BMI &GreaterEqual; 30 (age-standardized estimate) (%)",numeric,WPR,Western Pacific,Country,New Zealand,Year,2014,False,Sex,SEX_MLE,Age Group,18+  years,AGEGROUP_YEARS18-PLUS,29.28,27.92,30.69,29.3 [27.9-30.7],OA,Oceania,NZL,New Zealand,2014,Male,Age_all,[All],5137.0,32.7051633,228.75958156
NCD_BMI_30A,"Prevalence of obesity among adults, BMI &GreaterEqual; 30 (age-standardized estimate) (%)",numeric,WPR,Western Pacific,Country,Japan,Year,2014,False,Sex,SEX_FMLE,Age Group,18+  years,AGEGROUP_YEARS18-PLUS,3.04,2.75,3.34,3.0 [2.8-3.3],AS,Asia,JPN,Japan,2014,Female,Age_all,[All],179956.0,29.37241908,279.47383951
NCD_BMI_30A,"Prevalence of obesity among adults, BMI &GreaterEqual; 30 (age-standardized estimate) (%)",numeric,SEAR,South-East Asia,Country,Sri Lanka,Year,2014,False,Sex,SEX_MLE,Age Group,18+  years,AGEGROUP_YEARS18-PLUS,3.88,3.16,4.66,3.9 [3.2-4.7],AS,Asia,LKA,Sri Lanka,2014,Male,Age_all,[All],19174.0,26.39810557,191.04294162
NCD_BMI_30A,"Prevalence of obesity among adults, BMI &GreaterEqual; 30 (age-standardized estimate) (%)",numeric,WPR,Western Pacific,Country,New Zealand,Year,2014,False,Sex,SEX_BTSX,Age Group,18+  years,AGEGROUP_YEARS18-PLUS,30.16,29.17,31.11,30.2 [29.2-31.1],OA,Oceania,NZL,New Zealand,2014,All,Age_all,[All],10361.0,33.2466949,226.84047626
NCD_BMI_30A,"Prevalence of obesity among adults, BMI &GreaterEqual; 30 (age-standardized estimate) (%)",numeric,EUR,Europe,Country,TÃ¼rkiye,Year,2014,False,Sex,SEX_BTSX,Age Group,18+  years,AGEGROUP_YEARS18-PLUS,30.37,29.25,31.54,30.4 [29.2-31.5],AS,Asia,TUR,T?rkiye,2014,All,Age_all,[All],153649.0,40.05417059,199.0739174
NCD_BMI_30A,"Prevalence of obesity among adults, BMI &GreaterEqual; 30 (age-standardized estimate) (%)",numeric,EUR,Europe,Country,Malta,Year,2014,False,Sex,SEX_BTSX,Age Group,18+  years,AGEGROUP_YEARS18-PLUS,30.63,27.5,33.77,30.6 [27.5-33.8],EU,Europe,MLT,Malta,2014,All,Age_all,[All],1231.0,37.64525994,288.00643862
NCD_BMI_30A,"Prevalence of obesity among adults, BMI &GreaterEqual; 30 (age-standardized estimate) (%)",numeric,AMR,Americas,Country,Mexico,Year,2014,False,Sex,SEX_BTSX,Age Group,18+  years,AGEGROUP_YEARS18-PLUS,30.69,29.76,31.6,30.7 [29.8-31.6],CSA,Central and South America,MEX,Mexico,2014,All,Age_all,[All],154567.0,25.00691639,128.42577011
NCD_BMI_30A,"Prevalence of obesity among adults, BMI &GreaterEqual; 30 (age-standardized estimate) (%)",numeric,EUR,Europe,Country,Georgia,Year,2014,False,Sex,SEX_FMLE,Age Group,18+  years,AGEGROUP_YEARS18-PLUS,30.87,28.09,33.69,30.9 [28.1-33.7],AS,Asia,GEO,Georgia,2014,Female,Age_all,[All],10939.0,45.13533586,560.8880685
NCD_BMI_30A,"Prevalence of obesity among adults, BMI &GreaterEqual; 30 (age-standardized estimate) (%)",numeric,WPR,Western Pacific,Country,New Zealand,Year,2014,False,Sex,SEX_FMLE,Age Group,18+  years,AGEGROUP_YEARS18-PLUS,31.01,29.67,32.39,31.0 [29.7-32.4],OA,Oceania,NZL,New Zealand,2014,Female,Age_all,[All],5224.0,33.79698518,224.98495865
NCD_BMI_30A,"Prevalence of obesity among adults, BMI &GreaterEqual; 30 (age-standardized estimate) (%)",numeric,AMR,Americas,Country,Costa Rica,Year,2014,False,Sex,SEX_FMLE,Age Group,18+  years,AGEGROUP_YEARS18-PLUS,31.2,29.0,33.48,31.2 [29.0-33.5],CSA,Central and South America,CRI,Costa Rica,2014,Female,Age_all,[All],2706.0,30.7744797,112.96302945
NCD_BMI_30A,"Prevalence of obesity among adults, BMI &GreaterEqual; 30 (age-standardized estimate) (%)",numeric,AMR,Americas,Country,Chile,Year,2014,False,Sex,SEX_BTSX,Age Group,18+  years,AGEGROUP_YEARS18-PLUS,31.35,29.74,33.0,31.3 [29.7-33.0],CSA,Central and South America,CHL,Chile,2014,All,Age_all,[All],28064.0,27.52451942,158.02728077
NCD_BMI_30A,"Prevalence of obesity among adults, BMI &GreaterEqual; 30 (age-standardized estimate) (%)",numeric,AMR,Americas,Country,Puerto Rico,Year,2014,False,Sex,SEX_MLE,Age Group,18+  years,AGEGROUP_YEARS18-PLUS,31.45,25.17,38.16,31.4 [25.2-38.2],NAC,North America and the Caribbean,PRI,Puerto Rico,2014,Male,Age_all,[All],3825.0,23.49652927,231.21422224
NCD_BMI_30A,"Prevalence of obesity among adults, BMI &GreaterEqual; 30 (age-standardized estimate) (%)",numeric,AMR,Americas,Country,Guyana,Year,2014,False,Sex,SEX_FMLE,Age Group,18+  years,AGEGROUP_YEARS18-PLUS,31.36,28.14,34.73,31.4 [28.1-34.7],CSA,Central and South America,GUY,Guyana,2014,Female,Age_all,[All],953.0,39.99160722,249.21873978
NCD_BMI_30A,"Prevalence of obesity among adults, BMI &GreaterEqual; 30 (age-standardized estimate) (%)",numeric,AMR,Americas,Country,El Salvador,Year,2014,False,Sex,SEX_FMLE,Age Group,18+  years,AGEGROUP_YEARS18-PLUS,32.08,29.1,35.12,32.1 [29.1-35.1],CSA,Central and South America,SLV,El Salvador,2014,Female,Age_all,[All],2956.0,18.31588079,88.7238207
NCD_BMI_30A,"Prevalence of obesity among adults, BMI &GreaterEqual; 30 (age-standardized estimate) (%)",numeric,AMR,Americas,Country,Suriname,Year,2014,False,Sex,SEX_FMLE,Age Group,18+  years,AGEGROUP_YEARS18-PLUS,32.48,25.45,40.07,32.5 [25.4-40.1],CSA,Central and South America,SUR,Suriname,2014,Female,Age_all,[All],398.0,29.35103245,144.80467741
NCD_BMI_30A,"Prevalence of obesity among adults, BMI &GreaterEqual; 30 (age-standardized estimate) (%)",numeric,EUR,Europe,Country,Malta,Year,2014,False,Sex,SEX_MLE,Age Group,18+  years,AGEGROUP_YEARS18-PLUS,32.6,28.07,37.33,32.6 [28.1-37.3],EU,Europe,MLT,Malta,2014,Male,Age_all,[All],577.0,34.86404834,270.12223382
NCD_BMI_30A,"Prevalence of obesity among adults, BMI &GreaterEqual; 30 (age-standardized estimate) (%)",numeric,EMR,Eastern Mediterranean,Country,Bahrain,Year,2014,False,Sex,SEX_BTSX,Age Group,18+  years,AGEGROUP_YEARS18-PLUS,32.65,28.74,36.79,32.7 [28.7-36.8],AS,Asia,BHR,Bahrain,2014,All,Age_all,[All],865.0,32.09647495,65.8013848
NCD_BMI_30A,"Prevalence of obesity among adults, BMI &GreaterEqual; 30 (age-standardized estimate) (%)",numeric,AMR,Americas,Country,Nicaragua,Year,2014,False,Sex,SEX_FMLE,Age Group,18+  years,AGEGROUP_YEARS18-PLUS,33.5,29.84,37.17,33.5 [29.8-37.2],CSA,Central and South America,NIC,Nicaragua,2014,Female,Age_all,[All],3222.0,32.79389313,103.41616791
NCD_BMI_30A,"Prevalence of obesity among adults, BMI &GreaterEqual; 30 (age-standardized estimate) (%)",numeric,EMR,Eastern Mediterranean,Country,Oman,Year,2014,False,Sex,SEX_FMLE,Age Group,18+  years,AGEGROUP_YEARS18-PLUS,33.89,30.92,36.86,33.9 [30.9-36.9],AS,Asia,OMN,Oman,2014,Female,Age_all,[All],713.0,24.87787858,50.457086
NCD_BMI_30A,"Prevalence of obesity among adults, BMI &GreaterEqual; 30 (age-standardized estimate) (%)",numeric,AMR,Americas,Country,Panama,Year,2014,False,Sex,SEX_FMLE,Age Group,18+  years,AGEGROUP_YEARS18-PLUS,34.51,31.43,37.6,34.5 [31.4-37.6],CSA,Central and South America,PAN,Panama,2014,Female,Age_all,[All],2187.0,28.29602795,112.50370383
NCD_BMI_30A,"Prevalence of obesity among adults, BMI &GreaterEqual; 30 (age-standardized estimate) (%)",numeric,EMR,Eastern Mediterranean,Country,Qatar,Year,2014,False,Sex,SEX_MLE,Age Group,18+  years,AGEGROUP_YEARS18-PLUS,34.94,30.73,39.39,34.9 [30.7-39.4],AS,Asia,QAT,Qatar,2014,Male,Age_all,[All],259.0,15.00579374,13.81695153
NCD_BMI_30A,"Prevalence of obesity among adults, BMI &GreaterEqual; 30 (age-standardized estimate) (%)",numeric,AMR,Americas,Country,Mexico,Year,2014,False,Sex,SEX_FMLE,Age Group,18+  years,AGEGROUP_YEARS18-PLUS,34.97,33.65,36.27,35.0 [33.7-36.3],CSA,Central and South America,MEX,Mexico,2014,Female,Age_all,[All],74656.0,27.14072781,121.40903893
NCD_BMI_30A,"Prevalence of obesity among adults, BMI &GreaterEqual; 30 (age-standardized estimate) (%)",numeric,AMR,Americas,Country,Bahamas,Year,2014,False,Sex,SEX_MLE,Age Group,18+  years,AGEGROUP_YEARS18-PLUS,35.13,31.28,39.15,35.1 [31.3-39.1],NAC,North America and the Caribbean,BHS,Bahamas,2014,Male,Age_all,[All],347.0,29.08633697,192.98148045
NCD_BMI_30A,"Prevalence of obesity among adults, BMI &GreaterEqual; 30 (age-standardized estimate) (%)",numeric,AMR,Americas,Country,Antigua and Barbuda,Year,2014,False,Sex,SEX_FMLE,Age Group,18+  years,AGEGROUP_YEARS18-PLUS,35.63,23.1,49.13,35.6 [23.1-49.1],NAC,North America and the Caribbean,ATG,Antigua and Barbuda,2014,Female,Age_all,[All],103.0,40.39215686,214.31543903
NCD_BMI_30A,"Prevalence of obesity among adults, BMI &GreaterEqual; 30 (age-standardized estimate) (%)",numeric,AFR,Africa,Country,Seychelles,Year,2014,False,Sex,SEX_FMLE,Age Group,18+  years,AGEGROUP_YEARS18-PLUS,35.59,31.34,39.86,35.6 [31.3-39.9],AF,Africa,SYC,Seychelles,2014,Female,Age_all,[All],94.0,31.33333333,203.98862872
NCD_BMI_30A,"Prevalence of obesity among adults, BMI &GreaterEqual; 30 (age-standardized estimate) (%)",numeric,AMR,Americas,Country,Grenada,Year,2014,False,Sex,SEX_FMLE,Age Group,18+  years,AGEGROUP_YEARS18-PLUS,35.69,30.26,41.23,35.7 [30.3-41.2],NAC,North America and the Caribbean,GRD,Grenada,2014,Female,Age_all,[All],178.0,40.18058691,330.00241013
NCD_BMI_30A,"Prevalence of obesity among adults, BMI &GreaterEqual; 30 (age-standardized estimate) (%)",numeric,AMR,Americas,Country,Puerto Rico,Year,2014,False,Sex,SEX_BTSX,Age Group,18+  years,AGEGROUP_YEARS18-PLUS,35.85,31.81,40.06,35.8 [31.8-40.1],NAC,North America and the Caribbean,PRI,Puerto Rico,2014,All,Age_all,[All],7338.0,24.33669408,212.46951071
NCD_BMI_30A,"Prevalence of obesity among adults, BMI &GreaterEqual; 30 (age-standardized estimate) (%)",numeric,EMR,Eastern Mediterranean,Country,Kuwait,Year,2014,False,Sex,SEX_MLE,Age Group,18+  years,AGEGROUP_YEARS18-PLUS,36.5,33.9,39.18,36.5 [33.9-39.2],AS,Asia,KWT,Kuwait,2014,Male,Age_all,[All],1579.0,41.44356955,64.80639347
NCD_BMI_30A,"Prevalence of obesity among adults, BMI &GreaterEqual; 30 (age-standardized estimate) (%)",numeric,AMR,Americas,Country,Chile,Year,2014,False,Sex,SEX_FMLE,Age Group,18+  years,AGEGROUP_YEARS18-PLUS,36.52,34.09,38.86,36.5 [34.1-38.9],CSA,Central and South America,CHL,Chile,2014,Female,Age_all,[All],13887.0,28.95055037,153.97246635
NCD_BMI_30A,"Prevalence of obesity among adults, BMI &GreaterEqual; 30 (age-standardized estimate) (%)",numeric,AMR,Americas,Country,Belize,Year,2014,False,Sex,SEX_BTSX,Age Group,18+  years,AGEGROUP_YEARS18-PLUS,36.57,34.08,39.18,36.6 [34.1-39.2],CSA,Central and South America,BLZ,Belize,2014,All,Age_all,[All],368.0,23.1884058,104.14131524
NCD_BMI_30A,"Prevalence of obesity among adults, BMI &GreaterEqual; 30 (age-standardized estimate) (%)",numeric,AMR,Americas,Country,United States of America,Year,2014,False,Sex,SEX_MLE,Age Group,18+  years,AGEGROUP_YEARS18-PLUS,36.99,35.5,38.53,37.0 [35.5-38.5],NAC,North America and the Caribbean,USA,United States of America,2014,Male,Age_all,[All],408739.0,30.77300094,259.38201098
NCD_BMI_30A,"Prevalence of obesity among adults, BMI &GreaterEqual; 30 (age-standardized estimate) (%)",numeric,EMR,Eastern Mediterranean,Country,Qatar,Year,2014,False,Sex,SEX_BTSX,Age Group,18+  years,AGEGROUP_YEARS18-PLUS,37.62,34.26,41.22,37.6 [34.3-41.2],AS,Asia,QAT,Qatar,2014,All,Age_all,[All],372.0,15.7227388,15.12688283
NCD_BMI_30A,"Prevalence of obesity among adults, BMI &GreaterEqual; 30 (age-standardized estimate) (%)",numeric,EUR,Europe,Country,TÃ¼rkiye,Year,2014,False,Sex,SEX_FMLE,Age Group,18+  years,AGEGROUP_YEARS18-PLUS,37.66,36.24,39.07,37.7 [36.2-39.1],AS,Asia,TUR,T?rkiye,2014,Female,Age_all,[All],78044.0,44.66113867,202.95917726
NCD_BMI_30A,"Prevalence of obesity among adults, BMI &GreaterEqual; 30 (age-standardized estimate) (%)",numeric,AMR,Americas,Country,United States of America,Year,2014,False,Sex,SEX_BTSX,Age Group,18+  years,AGEGROUP_YEARS18-PLUS,37.94,36.85,39.01,37.9 [36.9-39.0],NAC,North America and the Caribbean,USA,United States of America,2014,All,Age_all,[All],807760.0,30.75519586,253.47580693
NCD_BMI_30A,"Prevalence of obesity among adults, BMI &GreaterEqual; 30 (age-standardized estimate) (%)",numeric,AMR,Americas,Country,United States of America,Year,2014,False,Sex,SEX_FMLE,Age Group,18+  years,AGEGROUP_YEARS18-PLUS,38.89,37.39,40.41,38.9 [37.4-40.4],NAC,North America and the Caribbean,USA,United States of America,2014,Female,Age_all,[All],399021.0,30.73697849,247.69826397
NCD_BMI_30A,"Prevalence of obesity among adults, BMI &GreaterEqual; 30 (age-standardized estimate) (%)",numeric,EMR,Eastern Mediterranean,Country,Egypt,Year,2014,False,Sex,SEX_BTSX,Age Group,18+  years,AGEGROUP_YEARS18-PLUS,38.91,37.48,40.38,38.9 [37.5-40.4],AF,Africa,EGY,Egypt,2014,All,Age_all,[All],254011.0,47.75863755,292.60167283
NCD_BMI_30A,"Prevalence of obesity among adults, BMI &GreaterEqual; 30 (age-standardized estimate) (%)",numeric,EMR,Eastern Mediterranean,Country,Bahrain,Year,2014,False,Sex,SEX_FMLE,Age Group,18+  years,AGEGROUP_YEARS18-PLUS,39.31,33.7,44.97,39.3 [33.7-45.0],AS,Asia,BHR,Bahrain,2014,Female,Age_all,[All],270.0,25.54399243,53.14176057
NCD_BMI_30A,"Prevalence of obesity among adults, BMI &GreaterEqual; 30 (age-standardized estimate) (%)",numeric,AMR,Americas,Country,Saint Lucia,Year,2014,False,Sex,SEX_FMLE,Age Group,18+  years,AGEGROUP_YEARS18-PLUS,39.32,35.78,42.89,39.3 [35.8-42.9],NAC,North America and the Caribbean,LCA,Saint Lucia,2014,Female,Age_all,[All],196.0,34.26573427,216.57219257
NCD_BMI_30A,"Prevalence of obesity among adults, BMI &GreaterEqual; 30 (age-standardized estimate) (%)",numeric,AMR,Americas,Country,Puerto Rico,Year,2014,False,Sex,SEX_FMLE,Age Group,18+  years,AGEGROUP_YEARS18-PLUS,39.67,34.44,45.04,39.7 [34.4-45.0],NAC,North America and the Caribbean,PRI,Puerto Rico,2014,Female,Age_all,[All],3513.0,25.32256902,195.23640945
NCD_BMI_30A,"Prevalence of obesity among adults, BMI &GreaterEqual; 30 (age-standardized estimate) (%)",numeric,WPR,Western Pacific,Country,Japan,Year,2014,False,Sex,SEX_BTSX,Age Group,18+  years,AGEGROUP_YEARS18-PLUS,4.14,3.86,4.44,4.1 [3.9-4.4],AS,Asia,JPN,Japan,2014,All,Age_all,[All],341760.0,26.84673418,272.46635627
NCD_BMI_30A,"Prevalence of obesity among adults, BMI &GreaterEqual; 30 (age-standardized estimate) (%)",numeric,WPR,Western Pacific,Country,Republic of Korea,Year,2014,False,Sex,SEX_FMLE,Age Group,18+  years,AGEGROUP_YEARS18-PLUS,4.22,3.93,4.53,4.2 [3.9-4.5],AS,Asia,KOR,Republic of Korea,2014,Female,Age_all,[All],30312.0,25.1821452,119.39182955
NCD_BMI_30A,"Prevalence of obesity among adults, BMI &GreaterEqual; 30 (age-standardized estimate) (%)",numeric,WPR,Western Pacific,Country,Republic of Korea,Year,2014,False,Sex,SEX_BTSX,Age Group,18+  years,AGEGROUP_YEARS18-PLUS,4.55,4.32,4.78,4.6 [4.3-4.8],AS,Asia,KOR,Republic of Korea,2014,All,Age_all,[All],57814.0,21.59720873,113.88968354
NCD_BMI_30A,"Prevalence of obesity among adults, BMI &GreaterEqual; 30 (age-standardized estimate) (%)",numeric,WPR,Western Pacific,Country,Philippines,Year,2014,False,Sex,SEX_MLE,Age Group,18+  years,AGEGROUP_YEARS18-PLUS,4.74,4.01,5.56,4.7 [4.0-5.6],AS,Asia,PHL,Philippines,2014,Male,Age_all,[All],105273.0,34.1949776,208.88294493
NCD_BMI_30A,"Prevalence of obesity among adults, BMI &GreaterEqual; 30 (age-standardized estimate) (%)",numeric,WPR,Western Pacific,Country,Republic of Korea,Year,2014,False,Sex,SEX_MLE,Age Group,18+  years,AGEGROUP_YEARS18-PLUS,4.76,4.42,5.12,4.8 [4.4-5.1],AS,Asia,KOR,Republic of Korea,2014,Male,Age_all,[All],27502.0,18.66807855,108.38446146
NCD_BMI_30A,"Prevalence of obesity among adults, BMI &GreaterEqual; 30 (age-standardized estimate) (%)",numeric,AMR,Americas,Country,Jamaica,Year,2014,False,Sex,SEX_FMLE,Age Group,18+  years,AGEGROUP_YEARS18-PLUS,40.67,37.68,43.68,40.7 [37.7-43.7],NAC,North America and the Caribbean,JAM,Jamaica,2014,Female,Age_all,[All],3277.0,37.21326368,226.63598747
NCD_BMI_30A,"Prevalence of obesity among adults, BMI &GreaterEqual; 30 (age-standardized estimate) (%)",numeric,EMR,Eastern Mediterranean,Country,Kuwait,Year,2014,False,Sex,SEX_BTSX,Age Group,18+  years,AGEGROUP_YEARS18-PLUS,40.92,39.06,42.78,40.9 [39.1-42.8],AS,Asia,KWT,Kuwait,2014,All,Age_all,[All],2273.0,37.68860885,56.27010641
NCD_BMI_30A,"Prevalence of obesity among adults, BMI &GreaterEqual; 30 (age-standardized estimate) (%)",numeric,AMR,Americas,Country,Bahamas,Year,2014,False,Sex,SEX_BTSX,Age Group,18+  years,AGEGROUP_YEARS18-PLUS,41.31,38.51,44.21,41.3 [38.5-44.2],NAC,North America and the Caribbean,BHS,Bahamas,2014,All,Age_all,[All],686.0,31.77396943,185.08875356
NCD_BMI_30A,"Prevalence of obesity among adults, BMI &GreaterEqual; 30 (age-standardized estimate) (%)",numeric,AFR,Africa,Country,South Africa,Year,2014,False,Sex,SEX_FMLE,Age Group,18+  years,AGEGROUP_YEARS18-PLUS,41.35,39.74,42.98,41.4 [39.7-43.0],AF,Africa,ZAF,South Africa,2014,Female,Age_all,[All],42985.0,20.00921676,155.62922323
NCD_BMI_30A,"Prevalence of obesity among adults, BMI &GreaterEqual; 30 (age-standardized estimate) (%)",numeric,AMR,Americas,Country,Saint Vincent and the Grenadines,Year,2014,False,Sex,SEX_FMLE,Age Group,18+  years,AGEGROUP_YEARS18-PLUS,41.49,37.02,46.22,41.5 [37.0-46.2],NAC,North America and the Caribbean,VCT,Saint Vincent and the Grenadines,2014,Female,Age_all,[All],188.0,43.11926606,352.0665181
NCD_BMI_30A,"Prevalence of obesity among adults, BMI &GreaterEqual; 30 (age-standardized estimate) (%)",numeric,EMR,Eastern Mediterranean,Country,Qatar,Year,2014,False,Sex,SEX_FMLE,Age Group,18+  years,AGEGROUP_YEARS18-PLUS,45.27,41.12,49.44,45.3 [41.1-49.4],AS,Asia,QAT,Qatar,2014,Female,Age_all,[All],113.0,17.65625,19.32638154
NCD_BMI_30A,"Prevalence of obesity among adults, BMI &GreaterEqual; 30 (age-standardized estimate) (%)",numeric,AMR,Americas,Country,Belize,Year,2014,False,Sex,SEX_FMLE,Age Group,18+  years,AGEGROUP_YEARS18-PLUS,46.06,42.29,49.79,46.1 [42.3-49.8],CSA,Central and South America,BLZ,Belize,2014,Female,Age_all,[All],169.0,26.24223602,95.52394033
NCD_BMI_30A,"Prevalence of obesity among adults, BMI &GreaterEqual; 30 (age-standardized estimate) (%)",numeric,AMR,Americas,Country,Bahamas,Year,2014,False,Sex,SEX_FMLE,Age Group,18+  years,AGEGROUP_YEARS18-PLUS,47.02,42.98,51.08,47.0 [43.0-51.1],NAC,North America and the Caribbean,BHS,Bahamas,2014,Female,Age_all,[All],339.0,35.0931677,177.65898907
NCD_BMI_30A,"Prevalence of obesity among adults, BMI &GreaterEqual; 30 (age-standardized estimate) (%)",numeric,EMR,Eastern Mediterranean,Country,Kuwait,Year,2014,False,Sex,SEX_FMLE,Age Group,18+  years,AGEGROUP_YEARS18-PLUS,47.85,45.52,50.31,47.9 [45.5-50.3],AS,Asia,KWT,Kuwait,2014,Female,Age_all,[All],694.0,31.24718595,43.29498546
NCD_BMI_30A,"Prevalence of obesity among adults, BMI &GreaterEqual; 30 (age-standardized estimate) (%)",numeric,WPR,Western Pacific,Country,Japan,Year,2014,False,Sex,SEX_MLE,Age Group,18+  years,AGEGROUP_YEARS18-PLUS,5.19,4.71,5.72,5.2 [4.7-5.7],AS,Asia,JPN,Japan,2014,Male,Age_all,[All],161804.0,24.50335739,265.07429433
NCD_BMI_30A,"Prevalence of obesity among adults, BMI &GreaterEqual; 30 (age-standardized estimate) (%)",numeric,EMR,Eastern Mediterranean,Country,Egypt,Year,2014,False,Sex,SEX_FMLE,Age Group,18+  years,AGEGROUP_YEARS18-PLUS,50.44,48.46,52.43,50.4 [48.5-52.4],AF,Africa,EGY,Egypt,2014,Female,Age_all,[All],119592.0,50.13267603,281.32259729
NCD_BMI_30A,"Prevalence of obesity among adults, BMI &GreaterEqual; 30 (age-standardized estimate) (%)",numeric,WPR,Western Pacific,Country,Philippines,Year,2014,False,Sex,SEX_BTSX,Age Group,18+  years,AGEGROUP_YEARS18-PLUS,6.23,5.63,6.87,6.2 [5.6-6.9],AS,Asia,PHL,Philippines,2014,All,Age_all,[All],187751.0,34.96300738,187.9873783
NCD_BMI_30A,"Prevalence of obesity among adults, BMI &GreaterEqual; 30 (age-standardized estimate) (%)",numeric,SEAR,South-East Asia,Country,Sri Lanka,Year,2014,False,Sex,SEX_BTSX,Age Group,18+  years,AGEGROUP_YEARS18-PLUS,6.51,5.83,7.23,6.5 [5.8-7.2],AS,Asia,LKA,Sri Lanka,2014,All,Age_all,[All],32749.0,25.54823107,157.53413027
NCD_BMI_30A,"Prevalence of obesity among adults, BMI &GreaterEqual; 30 (age-standardized estimate) (%)",numeric,WPR,Western Pacific,Country,Philippines,Year,2014,False,Sex,SEX_FMLE,Age Group,18+  years,AGEGROUP_YEARS18-PLUS,7.69,6.72,8.71,7.7 [6.7-8.7],AS,Asia,PHL,Philippines,2014,Female,Age_all,[All],82478.0,35.99490264,166.70245696
NCD_BMI_30A,"Prevalence of obesity among adults, BMI &GreaterEqual; 30 (age-standardized estimate) (%)",numeric,SEAR,South-East Asia,Country,Thailand,Year,2014,False,Sex,SEX_MLE,Age Group,18+  years,AGEGROUP_YEARS18-PLUS,7.84,6.75,9.02,7.8 [6.8-9.0],AS,Asia,THA,Thailand,2014,Male,Age_all,[All],32817.0,13.34556043,102.80213104
NCD_BMI_30A,"Prevalence of obesity among adults, BMI &GreaterEqual; 30 (age-standardized estimate) (%)",numeric,SEAR,South-East Asia,Country,Maldives,Year,2014,False,Sex,SEX_MLE,Age Group,18+  years,AGEGROUP_YEARS18-PLUS,8.36,6.75,10.18,8.4 [6.7-10.2],AS,Asia,MDV,Maldives,2014,Male,Age_all,[All],292.0,43.38781575,114.65728466
NCD_BMI_30A,"Prevalence of obesity among adults, BMI &GreaterEqual; 30 (age-standardized estimate) (%)",numeric,WPR,Western Pacific,Country,Singapore,Year,2014,False,Sex,SEX_FMLE,Age Group,18+  years,AGEGROUP_YEARS18-PLUS,8.52,7.33,9.85,8.5 [7.3-9.8],AS,Asia,SGP,Singapore,2014,Female,Age_all,[All],2540.0,30.11619635,129.04346783
NCD_BMI_30A,"Prevalence of obesity among adults, BMI &GreaterEqual; 30 (age-standardized estimate) (%)",numeric,SEAR,South-East Asia,Country,Sri Lanka,Year,2014,False,Sex,SEX_FMLE,Age Group,18+  years,AGEGROUP_YEARS18-PLUS,8.91,7.81,10.09,8.9 [7.8-10.1],AS,Asia,LKA,Sri Lanka,2014,Female,Age_all,[All],13575.0,24.43700383,126.25528679
NCD_BMI_30A,"Prevalence of obesity among adults, BMI &GreaterEqual; 30 (age-standardized estimate) (%)",numeric,WPR,Western Pacific,Country,Singapore,Year,2014,False,Sex,SEX_BTSX,Age Group,18+  years,AGEGROUP_YEARS18-PLUS,8.96,8.08,9.96,9.0 [8.1-10.0],AS,Asia,SGP,Singapore,2014,All,Age_all,[All],5604.0,30.72873828,144.77855521
NCD_BMI_30A,"Prevalence of obesity among adults, BMI &GreaterEqual; 30 (age-standardized estimate) (%)",numeric,WPR,Western Pacific,Country,Singapore,Year,2014,False,Sex,SEX_MLE,Age Group,18+  years,AGEGROUP_YEARS18-PLUS,9.29,7.93,10.79,9.3 [7.9-10.8],AS,Asia,SGP,Singapore,2014,Male,Age_all,[All],3064.0,31.25892675,161.05886744
NCD_BMI_30A,"Prevalence of obesity among adults, BMI &GreaterEqual; 30 (age-standardized estimate) (%)",numeric,EUR,Europe,Country,Switzerland,Year,2014,False,Sex,SEX_FMLE,Age Group,18+  years,AGEGROUP_YEARS18-PLUS,9.47,8.01,11.06,9.5 [8.0-11.1],EU,Europe,CHE,Switzerland,2014,Female,Age_all,[All],11488.0,34.84696818,276.95234771
